$HAVE_CRYPTO,$HAVE_HASH,$HAVE_REPLICATION,$HAVE_VERIFY,$HAVE_SEQUENCE,$HAVE_STATISTICS,$DIAGNOSTIC,$PAGESIZE,$PS1K,$PS4K,$PS8K,$PS16K,$PS32K,$CACHESIZE,$CS32MB,$CS16MB,$CS64MB,$CS512MB,$<Performance
1,1,0,1,0,0,1,1,0,0,0,1,0,1,0,0,1,0,21.2827
1,0,0,1,1,1,1,1,0,0,0,0,1,1,0,0,0,1,37.6527
0,0,1,1,1,0,1,1,0,0,0,1,0,1,0,0,0,1,0.6469
1,1,0,0,0,1,0,1,1,0,0,0,0,1,1,0,0,0,2.0194
1,1,1,1,0,1,1,1,0,1,0,0,0,1,0,1,0,0,5.8484
1,1,1,0,1,1,1,1,1,0,0,0,0,1,1,0,0,0,2.0851
0,1,1,1,0,1,1,1,1,0,0,0,0,1,0,0,1,0,0.3908
0,0,0,0,0,0,0,1,1,0,0,0,0,1,0,0,1,0,0.5022
1,1,1,0,1,1,1,1,1,0,0,0,0,1,0,0,1,0,2.0872
1,1,1,1,0,0,1,1,0,0,0,0,1,1,0,0,0,1,38.8917
0,0,1,0,1,1,1,1,0,0,0,0,1,1,0,0,1,0,0.9158
1,0,1,0,0,0,1,1,1,0,0,0,0,1,0,0,1,0,3.2838
0,0,1,0,1,0,1,1,0,0,0,1,0,1,1,0,0,0,0.6446
0,1,0,1,0,0,0,1,0,0,0,0,1,1,0,0,0,1,2.3889
0,0,1,0,0,1,1,1,1,0,0,0,0,1,1,0,0,0,0.5738
0,0,1,1,0,0,0,1,1,0,0,0,0,1,0,1,0,0,0.5273
0,0,0,1,1,0,0,1,0,0,0,0,1,1,1,0,0,0,0.9353
0,1,1,0,1,0,0,1,0,0,0,0,1,1,0,1,0,0,2.3921
0,0,0,1,1,1,0,1,1,0,0,0,0,1,0,1,0,0,0.5212
1,1,1,0,0,1,1,1,1,0,0,0,0,1,0,0,0,1,2.0857
0,1,1,1,0,1,1,1,0,0,0,1,0,1,0,0,0,1,1.2644
0,1,0,0,0,0,0,1,0,0,0,0,1,1,0,0,1,0,2.3785
1,1,1,1,0,1,1,1,0,1,0,0,0,1,0,0,0,1,5.8613
1,0,0,1,1,0,0,1,0,0,0,0,1,1,0,0,1,0,37.8020
0,1,0,0,1,0,0,1,0,1,0,0,0,1,1,0,0,0,0.5135
1,0,0,0,0,0,1,1,1,0,0,0,0,1,0,0,1,0,3.2862
0,1,0,0,0,0,1,1,1,0,0,0,0,1,0,0,0,1,0.3853
0,1,0,0,1,0,1,1,0,0,0,0,1,1,0,0,1,0,2.1592
0,1,1,0,1,1,0,1,0,0,0,0,1,1,0,0,0,1,2.1033
1,1,1,0,0,0,1,1,0,1,0,0,0,1,0,0,1,0,5.8266
1,0,0,1,1,1,1,1,1,0,0,0,0,1,0,0,0,1,3.2929
1,0,1,1,0,0,1,1,0,1,0,0,0,1,1,0,0,0,6.5504
1,0,1,0,1,1,0,1,0,1,0,0,0,1,1,0,0,0,6.5342
0,0,1,0,0,0,0,1,1,0,0,0,0,1,0,0,1,0,0.5164
0,1,1,1,0,0,1,1,0,0,1,0,0,1,1,0,0,0,0.7767
1,0,1,0,0,1,1,1,0,0,1,0,0,1,1,0,0,0,10.7065
1,1,0,1,0,0,1,1,0,0,1,0,0,1,0,0,1,0,10.9563
1,1,1,0,0,0,0,1,0,1,0,0,0,1,1,0,0,0,5.8326
0,0,0,1,0,1,0,1,0,1,0,0,0,1,0,0,0,1,0.4501
0,0,1,1,1,0,0,1,1,0,0,0,0,1,1,0,0,0,0.5273
0,0,1,0,1,1,1,1,1,0,0,0,0,1,0,0,0,1,0.5681
1,0,0,0,0,1,1,1,0,0,1,0,0,1,0,0,0,1,10.7030
0,1,1,0,1,1,1,1,1,0,0,0,0,1,0,0,0,1,0.3903
1,0,0,1,0,1,0,1,0,1,0,0,0,1,0,1,0,0,6.5243
0,1,1,0,1,1,1,1,1,0,0,0,0,1,1,0,0,0,0.3834
0,1,0,1,0,1,1,1,0,1,0,0,0,1,0,0,0,1,0.5278
0,0,0,1,0,0,0,1,0,0,0,0,1,1,1,0,0,0,0.9438
1,1,1,1,0,1,1,1,0,1,0,0,0,1,0,0,1,0,5.8465
0,0,0,0,0,0,1,1,0,1,0,0,0,1,0,1,0,0,0.4628
1,1,1,0,0,0,0,1,1,0,0,0,0,1,0,1,0,0,2.0436
0,0,1,0,1,1,1,1,1,0,0,0,0,1,0,0,1,0,0.5719
1,1,0,0,1,1,0,1,0,0,1,0,0,1,0,0,0,1,10.8987
1,1,0,0,1,1,0,1,1,0,0,0,0,1,0,0,0,1,2.0300
1,0,1,0,1,0,0,1,0,0,0,0,1,1,0,1,0,0,37.7710
0,1,0,0,0,1,0,1,0,1,0,0,0,1,1,0,0,0,0.5077
1,0,1,1,0,0,1,1,0,0,1,0,0,1,0,0,1,0,10.7378
0,1,0,1,1,1,1,1,0,0,0,0,1,1,0,0,0,1,2.1560
0,0,1,1,1,0,1,1,0,1,0,0,0,1,0,0,0,1,0.4762
0,1,0,1,1,0,0,1,1,0,0,0,0,1,0,1,0,0,0.3758
0,1,1,1,1,0,1,1,0,0,0,0,1,1,0,1,0,0,2.1470
1,1,0,0,1,0,0,1,0,0,0,1,0,1,1,0,0,0,21.2788
1,1,0,0,1,1,0,1,0,0,0,1,0,1,0,1,0,0,21.2192
0,1,1,1,0,0,0,1,0,0,0,1,0,1,0,1,0,0,1.2427
1,1,0,0,1,1,1,1,0,0,0,0,1,1,0,0,1,0,38.9308
1,0,0,1,0,0,0,1,0,0,1,0,0,1,0,1,0,0,10.7229
0,1,1,0,0,1,0,1,0,0,0,0,1,1,0,0,1,0,2.1020
0,0,1,0,1,1,0,1,1,0,0,0,0,1,0,0,0,1,0.5275
0,1,0,1,1,1,1,1,0,0,1,0,0,1,0,0,1,0,0.7566
0,0,1,0,0,1,0,1,0,1,0,0,0,1,0,1,0,0,0.4593
1,1,0,0,0,1,0,1,1,0,0,0,0,1,0,0,0,1,2.0185
0,1,1,0,0,1,0,1,0,0,1,0,0,1,0,0,0,1,0.7475
1,0,1,0,1,1,0,1,0,0,0,0,1,1,0,1,0,0,37.8238
1,0,1,1,1,1,1,1,0,0,0,0,1,1,1,0,0,0,37.7196
1,0,1,1,1,0,1,1,0,0,0,1,0,1,0,1,0,0,19.9532
0,0,0,1,1,1,0,1,0,0,1,0,0,1,1,0,0,0,0.5035
1,1,0,0,0,0,0,1,0,1,0,0,0,1,0,0,0,1,5.8370
0,1,0,1,1,0,0,1,0,0,0,0,1,1,1,0,0,0,2.3946
0,0,1,1,1,0,1,1,0,0,0,1,0,1,0,0,1,0,0.6481
1,1,1,0,1,0,0,1,0,0,0,1,0,1,0,0,1,0,21.2740
1,1,1,1,1,1,0,1,0,0,0,1,0,1,0,0,0,1,21.3009
1,0,0,1,0,0,1,1,0,0,0,1,0,1,0,0,0,1,19.9631
0,0,0,0,1,0,1,1,0,0,0,0,1,1,0,0,0,1,0.9652
0,1,0,1,0,0,0,1,1,0,0,0,0,1,1,0,0,0,0.3660
0,0,0,0,0,0,0,1,0,0,0,0,1,1,0,1,0,0,0.9096
0,0,1,1,0,0,1,1,0,0,1,0,0,1,0,0,1,0,0.5184
0,1,0,0,0,1,0,1,0,0,1,0,0,1,1,0,0,0,0.7324
0,0,1,1,1,1,0,1,0,0,0,0,1,1,0,0,0,1,0.9118
0,1,1,0,0,1,0,1,0,1,0,0,0,1,0,0,0,1,0.5116
1,1,1,0,0,1,1,1,1,0,0,0,0,1,0,1,0,0,2.0861
0,1,1,0,0,1,1,1,0,0,1,0,0,1,0,0,0,1,0.7626
0,0,0,1,1,0,0,1,0,0,0,0,1,1,0,0,0,1,0.9296
0,0,0,0,1,0,1,1,0,0,1,0,0,1,0,0,0,1,0.5088
1,0,0,1,0,0,1,1,1,0,0,0,0,1,0,0,1,0,3.2768
0,0,1,1,0,0,1,1,0,1,0,0,0,1,0,0,0,1,0.4735
0,1,1,0,0,0,1,1,0,0,0,0,1,1,1,0,0,0,2.1519
0,1,1,1,1,0,0,1,0,0,0,0,1,1,0,0,1,0,2.4088
1,0,0,0,0,1,1,1,0,1,0,0,0,1,0,0,0,1,6.5143
1,1,1,1,1,0,0,1,0,0,1,0,0,1,0,1,0,0,10.9390
0,1,1,1,1,0,1,1,0,1,0,0,0,1,0,1,0,0,0.5387
0,1,1,0,1,0,0,1,0,0,1,0,0,1,0,0,0,1,0.7521
0,1,1,1,1,1,1,1,0,0,1,0,0,1,0,0,0,1,0.7534
0,0,0,1,1,0,0,1,1,0,0,0,0,1,0,0,1,0,0.5268
0,0,1,0,1,0,0,1,0,1,0,0,0,1,0,0,0,1,0.4475
1,1,1,0,1,1,1,1,0,0,0,0,1,1,0,1,0,0,38.8429
1,0,0,0,1,1,1,1,0,0,0,0,1,1,1,0,0,0,37.6887
1,0,1,0,0,1,1,1,0,1,0,0,0,1,1,0,0,0,6.5289
0,1,0,0,1,1,1,1,0,0,1,0,0,1,1,0,0,0,0.7519
1,0,0,1,1,0,0,1,0,0,1,0,0,1,0,0,1,0,10.7519
1,1,0,0,1,1,0,1,0,1,0,0,0,1,0,0,1,0,5.8412
1,0,1,1,1,0,0,1,0,0,0,1,0,1,1,0,0,0,19.9986
1,1,1,0,1,1,0,1,0,0,0,1,0,1,1,0,0,0,21.3141
1,1,0,0,0,1,1,1,0,0,0,0,1,1,1,0,0,0,38.8937
1,1,0,1,1,0,0,1,0,0,1,0,0,1,1,0,0,0,10.8994
0,0,0,1,1,1,1,1,0,1,0,0,0,1,0,1,0,0,0.4756
1,1,1,0,0,0,1,1,0,0,0,1,0,1,0,0,0,1,21.2773
0,0,1,0,0,1,0,1,0,0,0,0,1,1,1,0,0,0,0.9326
1,1,0,0,1,0,1,1,0,0,0,0,1,1,0,0,1,0,38.9160
0,0,0,1,1,0,1,1,0,1,0,0,0,1,1,0,0,0,0.4732
1,1,0,1,0,1,0,1,0,0,0,1,0,1,1,0,0,0,21.2615
1,1,0,0,0,1,0,1,0,1,0,0,0,1,1,0,0,0,5.8161
1,0,0,1,1,1,0,1,0,0,0,0,1,1,1,0,0,0,37.8248
1,0,1,0,1,1,1,1,0,1,0,0,0,1,1,0,0,0,6.5501
1,1,1,1,1,1,0,1,0,1,0,0,0,1,1,0,0,0,5.8321
1,0,0,1,0,0,1,1,0,1,0,0,0,1,0,0,0,1,6.5404
0,1,1,0,0,0,0,1,1,0,0,0,0,1,0,1,0,0,0.3671
1,1,1,0,0,0,1,1,0,1,0,0,0,1,0,1,0,0,5.8404
0,1,0,1,0,1,1,1,0,0,0,1,0,1,1,0,0,0,1.2708
0,0,0,0,1,1,0,1,0,0,0,0,1,1,0,0,0,1,0.9272
0,0,1,0,1,1,0,1,0,0,0,1,0,1,1,0,0,0,0.6339
0,1,0,0,0,0,0,1,0,0,1,0,0,1,0,0,0,1,0.7546
0,1,0,1,1,0,0,1,0,1,0,0,0,1,0,0,0,1,0.5230
1,1,1,1,1,0,1,1,1,0,0,0,0,1,1,0,0,0,2.0606
0,1,1,1,1,1,1,1,0,0,0,0,1,1,1,0,0,0,2.1572
0,1,0,0,1,0,0,1,0,0,1,0,0,1,0,0,0,1,0.7508
1,0,1,1,1,1,1,1,0,1,0,0,0,1,0,0,1,0,6.5241
1,0,0,1,0,1,0,1,0,0,0,0,1,1,0,1,0,0,37.8185
1,1,1,0,0,1,1,1,1,0,0,0,0,1,1,0,0,0,2.0802
1,1,1,1,0,0,0,1,1,0,0,0,0,1,1,0,0,0,2.0396
1,1,1,0,1,1,1,1,0,1,0,0,0,1,0,1,0,0,5.8631
1,1,1,1,1,1,1,1,0,0,0,0,1,1,0,0,0,1,38.8811
1,0,0,1,1,1,1,1,0,0,1,0,0,1,0,0,1,0,10.7345
0,0,0,0,1,1,1,1,0,0,0,1,0,1,0,1,0,0,0.6361
0,1,0,1,1,1,1,1,1,0,0,0,0,1,0,0,1,0,0.3877
1,0,0,0,0,0,1,1,0,0,0,0,1,1,0,0,0,1,37.6792
1,1,1,0,1,0,1,1,0,0,1,0,0,1,0,0,0,1,10.9381
1,1,0,1,0,0,1,1,1,0,0,0,0,1,0,0,0,1,2.0882
0,1,1,0,0,0,0,1,0,1,0,0,0,1,0,0,1,0,0.5102
0,0,1,0,1,0,0,1,0,0,0,0,1,1,0,1,0,0,0.9193
0,0,1,0,0,0,1,1,0,1,0,0,0,1,1,0,0,0,0.4619
0,1,1,1,0,1,1,1,0,0,1,0,0,1,0,0,0,1,0.7498
0,1,1,0,1,0,0,1,0,0,1,0,0,1,1,0,0,0,0.7531
0,0,1,0,1,1,1,1,0,0,0,0,1,1,0,0,0,1,0.9176
1,1,0,0,0,1,1,1,0,1,0,0,0,1,0,0,1,0,5.8334
0,0,1,1,1,0,1,1,0,1,0,0,0,1,1,0,0,0,0.4785
1,0,0,1,1,0,0,1,0,1,0,0,0,1,0,0,0,1,6.5121
0,1,1,1,0,0,0,1,0,1,0,0,0,1,0,1,0,0,0.5164
0,0,1,1,1,0,1,1,0,0,0,1,0,1,1,0,0,0,0.6470
1,0,0,1,1,0,0,1,0,0,0,0,1,1,0,0,0,1,37.7809
0,1,0,0,1,1,1,1,0,0,0,1,0,1,0,1,0,0,1.2611
0,1,0,1,0,0,0,1,0,0,0,0,1,1,0,0,1,0,2.3746
0,1,0,0,0,0,0,1,0,0,0,1,0,1,0,0,1,0,1.2525
1,0,0,1,0,1,1,1,0,0,1,0,0,1,0,0,0,1,10.7072
0,1,1,0,0,0,1,1,0,0,1,0,0,1,0,0,1,0,0.7747
1,0,0,1,1,1,1,1,1,0,0,0,0,1,1,0,0,0,3.2834
0,0,0,1,0,0,1,1,0,0,0,1,0,1,0,1,0,0,0.6571
0,0,0,0,1,0,1,1,0,0,0,1,0,1,1,0,0,0,0.6376
1,0,1,1,0,1,0,1,0,0,0,1,0,1,0,1,0,0,19.9962
0,1,0,0,0,1,1,1,1,0,0,0,0,1,0,0,0,1,0.3870
0,1,0,1,1,1,1,1,1,0,0,0,0,1,0,1,0,0,0.3859
1,1,0,0,1,1,0,1,1,0,0,0,0,1,0,0,1,0,2.0310
1,0,1,0,0,1,1,1,0,0,0,1,0,1,0,0,0,1,19.9089
1,1,0,1,0,1,1,1,0,0,1,0,0,1,0,0,0,1,10.9192
0,1,0,0,0,0,1,1,0,0,1,0,0,1,0,0,1,0,0.7724
0,0,0,1,0,1,0,1,1,0,0,0,0,1,0,0,1,0,0.5200
1,0,0,1,1,0,1,1,0,1,0,0,0,1,1,0,0,0,6.5093
1,0,0,1,0,0,0,1,1,0,0,0,0,1,0,0,1,0,3.2012
1,0,1,1,0,0,0,1,0,1,0,0,0,1,0,0,0,1,6.5214
0,0,1,1,1,0,0,1,0,0,0,1,0,1,0,1,0,0,0.6287
1,1,1,0,0,0,1,1,0,0,0,1,0,1,0,0,1,0,21.2548
1,1,1,1,1,0,1,1,0,0,0,1,0,1,0,0,0,1,21.2693
1,1,0,0,1,0,0,1,0,0,0,1,0,1,0,0,0,1,21.2563
0,0,1,0,1,0,1,1,0,0,0,0,1,1,0,1,0,0,0.9540
1,1,1,1,0,0,0,1,0,0,1,0,0,1,0,1,0,0,10.9281
0,1,1,1,1,1,1,1,1,0,0,0,0,1,0,0,1,0,0.3944
1,1,1,0,1,1,0,1,0,0,1,0,0,1,0,1,0,0,10.9396
1,1,0,0,0,0,0,1,0,0,1,0,0,1,0,1,0,0,10.9212
0,1,1,1,0,1,1,1,0,0,1,0,0,1,0,0,1,0,0.7496
0,1,0,0,0,0,0,1,0,1,0,0,0,1,0,0,0,1,0.5151
0,1,1,1,0,1,0,1,0,0,0,0,1,1,0,1,0,0,2.1163
1,0,1,1,0,0,0,1,0,0,0,1,0,1,0,0,1,0,20.0246
0,0,0,1,1,0,1,1,0,0,0,0,1,1,0,0,0,1,0.9519
1,0,0,0,0,1,0,1,1,0,0,0,0,1,0,0,0,1,3.2379
1,1,1,0,1,0,0,1,0,0,1,0,0,1,0,0,0,1,10.9093
1,0,1,0,1,1,0,1,0,0,1,0,0,1,0,1,0,0,10.7327
0,1,1,0,0,0,0,1,0,0,1,0,0,1,0,1,0,0,0.7524
1,1,1,1,0,0,1,1,0,0,0,1,0,1,0,0,0,1,21.2343
1,0,1,1,0,1,0,1,0,0,0,0,1,1,0,1,0,0,37.8364
0,1,0,0,0,1,0,1,1,0,0,0,0,1,0,0,0,1,0.3536
1,0,0,0,1,0,1,1,0,1,0,0,0,1,0,1,0,0,6.5252
1,1,0,0,0,1,0,1,0,0,1,0,0,1,1,0,0,0,10.8897
1,1,1,1,1,0,0,1,1,0,0,0,0,1,1,0,0,0,2.0307
0,0,1,1,0,0,0,1,0,1,0,0,0,1,1,0,0,0,0.4532
1,1,0,0,1,1,0,1,0,0,1,0,0,1,1,0,0,0,10.8982
1,1,1,1,0,1,1,1,0,1,0,0,0,1,1,0,0,0,5.8403
1,1,0,0,0,0,1,1,0,0,0,1,0,1,0,0,1,0,21.2957
1,1,1,1,0,0,1,1,0,0,0,0,1,1,1,0,0,0,38.8212
1,1,0,1,0,0,1,1,0,1,0,0,0,1,0,1,0,0,5.8621
0,0,1,0,1,0,1,1,0,0,0,0,1,1,0,0,0,1,0.9545
0,1,1,1,1,0,0,1,0,0,0,1,0,1,0,0,0,1,1.2486
0,0,1,0,0,0,1,1,1,0,0,0,0,1,0,0,1,0,0.5679
1,0,0,0,0,0,1,1,0,0,0,1,0,1,1,0,0,0,19.9786
1,1,1,1,0,0,0,1,0,0,0,0,1,1,0,0,1,0,38.9490
0,1,1,0,1,0,0,1,0,0,0,1,0,1,0,1,0,0,1.2578
0,1,0,0,0,1,1,1,0,0,0,1,0,1,0,0,1,0,1.2551
0,1,1,0,1,0,0,1,0,0,0,0,1,1,1,0,0,0,2.3936
1,1,1,0,0,1,1,1,0,1,0,0,0,1,0,0,0,1,5.8689
1,1,0,0,1,1,1,1,0,1,0,0,0,1,1,0,0,0,5.8636
0,1,1,0,0,1,1,1,0,0,0,1,0,1,1,0,0,0,1.2699
1,1,1,0,0,0,1,1,1,0,0,0,0,1,0,0,1,0,2.0589
1,1,1,1,0,1,0,1,1,0,0,0,0,1,0,0,1,0,2.0396
1,0,0,0,1,0,0,1,0,0,0,0,1,1,0,0,0,1,37.7721
0,1,0,0,1,1,0,1,1,0,0,0,0,1,1,0,0,0,0.3617
0,0,1,0,0,0,0,1,0,0,1,0,0,1,0,0,1,0,0.4982
0,0,1,0,0,1,0,1,0,0,0,0,1,1,0,1,0,0,0.9273
1,1,0,0,0,1,1,1,0,0,0,1,0,1,0,1,0,0,21.1927
0,0,1,0,0,1,1,1,0,0,0,1,0,1,0,0,1,0,0.6414
1,1,0,1,1,0,1,1,0,1,0,0,0,1,0,0,1,0,5.8528
1,0,0,0,1,0,0,1,0,0,0,0,1,1,0,1,0,0,37.7692
1,1,1,1,0,1,0,1,1,0,0,0,0,1,0,0,0,1,2.0332
1,0,1,0,1,1,1,1,0,0,1,0,0,1,1,0,0,0,10.7325
0,0,0,0,0,1,0,1,1,0,0,0,0,1,0,0,0,1,0.5196
0,1,0,1,1,1,0,1,0,0,0,0,1,1,0,0,0,1,2.0916
0,0,1,0,1,1,0,1,0,0,1,0,0,1,0,1,0,0,0.5038
0,0,0,1,1,0,0,1,1,0,0,0,0,1,1,0,0,0,0.5249
1,0,0,0,0,1,1,1,0,0,0,1,0,1,1,0,0,0,19.9278
1,0,0,0,0,0,1,1,0,1,0,0,0,1,0,0,0,1,6.5427
1,1,1,0,1,0,1,1,0,0,0,1,0,1,1,0,0,0,21.2521
0,0,1,1,0,1,1,1,0,0,0,0,1,1,0,0,1,0,0.9338
1,1,1,0,0,1,0,1,0,1,0,0,0,1,0,0,1,0,5.8303
1,0,0,0,1,1,1,1,0,0,0,0,1,1,0,0,1,0,37.7220
1,0,0,1,1,0,1,1,0,0,1,0,0,1,0,0,0,1,10.7131
1,1,1,0,0,0,0,1,0,0,0,0,1,1,0,0,1,0,38.9802
1,1,0,0,1,0,1,1,0,1,0,0,0,1,0,1,0,0,5.8519
0,0,1,0,1,1,0,1,0,0,0,0,1,1,0,0,1,0,0.9300
1,0,1,1,1,1,1,1,0,1,0,0,0,1,1,0,0,0,6.5301
0,1,0,1,0,0,0,1,1,0,0,0,0,1,0,0,0,1,0.3671
0,0,1,1,0,1,0,1,0,0,0,0,1,1,0,0,1,0,0.9169
1,0,0,0,0,0,1,1,0,0,0,1,0,1,0,0,1,0,19.9953
0,1,1,1,0,0,1,1,0,1,0,0,0,1,1,0,0,0,0.5390
0,0,1,0,1,1,1,1,0,0,0,1,0,1,0,0,0,1,0.6438
1,1,1,1,1,1,0,1,0,0,0,0,1,1,0,0,0,1,38.9854
0,1,0,1,1,0,1,1,0,1,0,0,0,1,1,0,0,0,0.5400
0,0,0,0,1,1,0,1,1,0,0,0,0,1,0,0,1,0,0.5172
1,0,0,1,0,1,1,1,0,0,0,0,1,1,0,0,1,0,37.5939
0,0,1,0,0,1,1,1,0,0,0,0,1,1,0,0,0,1,0.9149
1,0,0,0,0,1,1,1,0,0,1,0,0,1,0,1,0,0,10.7266
1,0,0,1,0,0,0,1,0,0,0,0,1,1,0,1,0,0,37.7456
0,0,0,1,1,0,1,1,0,0,1,0,0,1,0,1,0,0,0.5161
0,1,0,1,1,0,0,1,0,0,0,1,0,1,0,0,0,1,1.2688
1,0,1,0,0,1,1,1,1,0,0,0,0,1,1,0,0,0,3.2793
1,0,0,0,1,0,1,1,0,0,0,1,0,1,0,0,1,0,19.9572
0,0,1,1,1,1,0,1,1,0,0,0,0,1,1,0,0,0,0.5216
1,0,0,0,1,1,1,1,0,0,1,0,0,1,0,0,1,0,10.7422
0,1,1,1,0,0,1,1,0,0,1,0,0,1,0,0,0,1,0.7730
0,0,1,0,0,0,0,1,0,1,0,0,0,1,0,1,0,0,0.4455
0,1,0,0,1,1,1,1,0,1,0,0,0,1,1,0,0,0,0.5266
0,0,0,1,0,1,0,1,0,0,1,0,0,1,0,0,0,1,0.5013
0,1,0,1,1,0,1,1,0,0,0,1,0,1,0,1,0,0,1.3097
1,1,0,0,1,1,0,1,0,0,0,1,0,1,0,0,0,1,21.2171
1,1,0,1,1,1,1,1,0,0,0,1,0,1,0,0,1,0,21.2664
1,1,0,0,0,0,0,1,0,0,0,0,1,1,0,0,1,0,39.0336
0,1,0,1,1,0,1,1,1,0,0,0,0,1,0,0,0,1,0.3827
0,1,1,0,1,0,1,1,1,0,0,0,0,1,0,0,1,0,0.3885
1,1,1,0,0,1,1,1,0,0,0,1,0,1,1,0,0,0,21.2099
1,1,0,1,0,0,0,1,0,1,0,0,0,1,0,0,1,0,5.8158
0,0,1,0,1,0,1,1,1,0,0,0,0,1,1,0,0,0,0.5679
1,0,0,0,1,0,1,1,0,0,0,1,0,1,0,1,0,0,19.9701
0,0,1,0,1,1,0,1,0,0,0,0,1,1,1,0,0,0,0.9250
0,0,0,0,0,1,1,1,1,0,0,0,0,1,1,0,0,0,0.5667
1,0,0,0,0,0,1,1,0,0,1,0,0,1,1,0,0,0,10.7330
0,0,0,1,1,0,0,1,0,0,0,0,1,1,0,0,1,0,0.9244
0,1,0,1,1,0,1,1,0,1,0,0,0,1,0,1,0,0,0.5386
0,0,0,0,0,1,1,1,0,0,0,1,0,1,1,0,0,0,0.6413
1,1,0,1,1,1,0,1,0,1,0,0,0,1,1,0,0,0,5.8173
1,1,1,1,1,1,1,1,0,0,1,0,0,1,1,0,0,0,10.9305
0,0,1,0,1,0,1,1,1,0,0,0,0,1,0,0,1,0,0.5668
1,0,0,0,0,0,0,1,0,1,0,0,0,1,0,0,0,1,6.5217
0,0,1,1,1,0,0,1,0,0,0,0,1,1,0,1,0,0,0.9211
1,0,1,1,1,1,1,1,0,0,0,0,1,1,0,0,0,1,37.6528
0,0,0,1,0,0,1,1,0,0,1,0,0,1,0,1,0,0,0.5277
0,1,1,0,0,1,1,1,0,1,0,0,0,1,1,0,0,0,0.5356
0,1,1,1,1,1,0,1,0,0,0,1,0,1,1,0,0,0,1.2665
1,1,0,1,1,1,0,1,0,0,1,0,0,1,1,0,0,0,10.9035
1,0,1,0,0,1,0,1,0,0,1,0,0,1,0,0,0,1,10.7292
1,1,1,0,1,1,0,1,0,0,0,1,0,1,0,0,0,1,21.2952
0,0,1,1,0,1,1,1,1,0,0,0,0,1,1,0,0,0,0.5840
0,1,0,1,0,0,1,1,0,0,0,1,0,1,0,0,0,1,1.3238
1,0,1,1,1,0,0,1,0,0,1,0,0,1,0,0,0,1,10.7332
1,0,1,1,0,0,1,1,0,0,1,0,0,1,1,0,0,0,10.7266
1,0,1,1,1,1,1,1,0,0,1,0,0,1,0,0,1,0,10.7275
1,1,1,0,0,0,1,1,0,0,1,0,0,1,0,0,0,1,10.9276
1,0,0,0,0,1,0,1,0,1,0,0,0,1,1,0,0,0,6.5230
0,0,1,1,1,1,1,1,0,0,0,1,0,1,0,1,0,0,0.6412
0,1,1,0,0,1,0,1,1,0,0,0,0,1,0,0,1,0,0.3633
1,1,1,0,1,1,1,1,0,0,0,0,1,1,1,0,0,0,38.8597
0,1,0,1,0,1,0,1,0,1,0,0,0,1,1,0,0,0,0.5149
0,0,0,1,0,1,0,1,0,0,0,0,1,1,0,0,0,1,0.9211
0,1,1,0,0,0,1,1,1,0,0,0,0,1,0,1,0,0,0.3938
1,1,0,1,1,0,1,1,0,0,0,0,1,1,0,0,1,0,38.8089
0,1,1,1,1,1,1,1,0,0,0,0,1,1,0,0,1,0,2.1547
0,0,0,1,1,1,0,1,0,0,0,0,1,1,0,0,1,0,0.9196
0,0,1,1,0,0,0,1,0,0,1,0,0,1,0,0,1,0,0.4986
0,1,1,1,0,0,0,1,0,0,0,0,1,1,1,0,0,0,2.3905
0,1,1,1,1,0,1,1,0,0,1,0,0,1,1,0,0,0,0.7765
0,0,1,0,0,0,0,1,0,0,0,1,0,1,0,0,0,1,0.6314
1,1,0,0,0,1,0,1,0,0,0,1,0,1,0,0,1,0,21.2486
0,0,0,1,0,1,0,1,1,0,0,0,0,1,0,1,0,0,0.5281
1,1,0,0,0,1,1,1,0,0,0,0,1,1,0,1,0,0,38.8258
0,0,0,1,1,0,1,1,0,0,0,0,1,1,0,1,0,0,0.9484
0,0,1,1,0,1,0,1,1,0,0,0,0,1,0,0,1,0,0.5147
0,0,0,1,0,1,1,1,0,0,0,0,1,1,0,1,0,0,0.9206
1,0,1,1,1,0,1,1,0,0,0,1,0,1,0,0,0,1,19.9400
1,1,1,1,1,0,0,1,1,0,0,0,0,1,0,1,0,0,2.0360
0,1,0,1,1,1,0,1,0,0,1,0,0,1,1,0,0,0,0.7459
1,1,1,1,0,1,1,1,0,0,0,1,0,1,1,0,0,0,21.2034
1,0,1,0,1,1,1,1,0,0,1,0,0,1,0,0,0,1,10.7374
0,0,1,0,1,1,1,1,0,0,1,0,0,1,0,1,0,0,0.5204
1,0,0,0,1,1,0,1,0,0,0,1,0,1,0,0,1,0,20.0204
1,0,0,0,1,0,0,1,0,0,1,0,0,1,0,0,1,0,10.7399
1,0,1,1,0,0,1,1,0,0,0,1,0,1,1,0,0,0,19.9787
0,0,1,0,1,0,1,1,0,0,0,0,1,1,1,0,0,0,0.9557
1,1,1,1,1,0,1,1,0,1,0,0,0,1,0,1,0,0,5.8450
1,1,1,1,1,0,1,1,0,0,1,0,0,1,0,0,1,0,10.9383
1,0,1,1,1,1,1,1,0,1,0,0,0,1,0,1,0,0,6.5384
0,0,0,0,0,0,0,1,1,0,0,0,0,1,0,1,0,0,0.5044
1,1,0,0,1,1,0,1,0,1,0,0,0,1,0,0,0,1,5.8223
0,0,0,1,1,0,0,1,0,0,0,1,0,1,0,0,0,1,0.6379
0,1,1,1,1,1,0,1,0,0,0,0,1,1,1,0,0,0,2.1033
1,1,0,0,1,1,1,1,1,0,0,0,0,1,0,1,0,0,2.0826
1,1,1,0,0,1,0,1,0,1,0,0,0,1,0,1,0,0,5.8387
1,0,0,0,1,0,1,1,1,0,0,0,0,1,0,0,0,1,3.2605
1,0,0,0,1,1,1,1,1,0,0,0,0,1,0,0,1,0,3.3024
1,1,0,1,0,0,1,1,1,0,0,0,0,1,1,0,0,0,2.0881
1,0,1,0,1,0,1,1,0,0,1,0,0,1,0,0,0,1,10.7335
0,0,0,1,0,0,1,1,1,0,0,0,0,1,0,1,0,0,0.5819
0,0,0,1,0,1,1,1,0,0,0,0,1,1,0,0,0,1,0.9213
1,0,0,1,1,1,1,1,0,0,1,0,0,1,1,0,0,0,10.7401
1,0,1,0,0,1,0,1,0,0,1,0,0,1,0,1,0,0,10.7427
0,0,1,1,0,0,0,1,0,0,0,0,1,1,0,0,0,1,0.9250
0,1,0,0,0,1,0,1,0,0,0,0,1,1,0,0,1,0,2.0939
0,0,0,0,1,1,0,1,0,0,1,0,0,1,0,1,0,0,0.4997
0,1,0,0,0,1,0,1,0,0,1,0,0,1,0,0,0,1,0.7347
0,0,0,0,1,0,1,1,0,0,0,0,1,1,1,0,0,0,0.9492
0,1,0,1,0,1,0,1,0,0,0,0,1,1,0,1,0,0,2.1014
1,0,0,0,0,0,0,1,0,0,1,0,0,1,0,1,0,0,10.7814
1,1,1,0,0,1,0,1,0,0,0,0,1,1,0,0,1,0,39.0639
0,1,0,0,0,1,0,1,1,0,0,0,0,1,0,1,0,0,0.3617
1,0,1,0,0,1,1,1,0,1,0,0,0,1,0,1,0,0,6.5345
0,1,0,0,1,0,1,1,1,0,0,0,0,1,0,0,0,1,0.3828
1,1,0,0,0,0,1,1,0,0,1,0,0,1,0,0,0,1,10.9437
0,1,1,0,0,1,1,1,0,0,0,1,0,1,0,0,1,0,1.2688
1,1,0,0,1,0,1,1,0,0,1,0,0,1,0,1,0,0,10.9186
0,0,0,1,0,0,1,1,0,0,0,1,0,1,0,0,0,1,0.6500
1,0,0,1,1,0,0,1,0,0,1,0,0,1,1,0,0,0,10.7322
0,1,1,0,1,0,0,1,0,0,0,1,0,1,0,0,0,1,1.2583
1,0,0,1,1,0,1,1,0,1,0,0,0,1,0,1,0,0,6.5215
1,1,0,0,1,0,1,1,0,0,0,0,1,1,0,1,0,0,38.8694
1,0,1,1,1,0,1,1,0,0,0,1,0,1,0,0,1,0,19.9712
1,0,0,0,0,1,1,1,1,0,0,0,0,1,0,1,0,0,3.2688
1,1,1,1,0,1,1,1,0,0,1,0,0,1,0,0,0,1,10.8904
1,0,0,0,1,1,1,1,0,0,1,0,0,1,0,0,0,1,10.7366
0,1,0,1,1,0,1,1,0,0,0,1,0,1,0,0,1,0,1.3117
1,1,1,0,0,1,0,1,0,0,0,1,0,1,0,0,0,1,21.2885
0,0,1,1,1,0,1,1,1,0,0,0,0,1,0,0,1,0,0.5770
0,1,0,1,0,1,0,1,0,0,1,0,0,1,0,0,0,1,0.7413
0,0,1,1,1,1,0,1,0,1,0,0,0,1,0,1,0,0,0.4450
0,1,0,1,0,0,1,1,1,0,0,0,0,1,1,0,0,0,0.3849
0,0,0,1,1,1,0,1,0,0,0,1,0,1,1,0,0,0,0.6316
1,1,1,0,1,1,1,1,0,1,0,0,0,1,0,0,0,1,5.8584
1,0,1,1,0,0,0,1,1,0,0,0,0,1,0,0,1,0,3.2222
1,1,0,0,0,1,1,1,1,0,0,0,0,1,0,0,1,0,2.0636
0,0,0,0,0,1,1,1,0,1,0,0,0,1,0,0,1,0,0.4646
0,0,1,1,1,1,1,1,0,1,0,0,0,1,0,1,0,0,0.4772
0,0,0,0,1,0,1,1,1,0,0,0,0,1,0,0,1,0,0.5696
1,1,1,1,1,1,0,1,0,1,0,0,0,1,0,0,0,1,5.8494
0,1,0,0,0,0,0,1,0,0,1,0,0,1,0,1,0,0,0.7536
0,0,1,0,0,0,0,1,0,0,0,0,1,1,1,0,0,0,0.9333
0,1,0,0,1,1,1,1,1,0,0,0,0,1,0,1,0,0,0.3869
0,0,0,0,1,1,1,1,0,0,0,1,0,1,0,0,1,0,0.6344
0,1,1,1,0,1,0,1,0,0,1,0,0,1,0,1,0,0,0.7511
0,1,1,1,0,0,1,1,0,0,0,0,1,1,0,0,1,0,2.1332
0,1,0,0,0,1,1,1,0,1,0,0,0,1,0,0,1,0,0.5281
1,1,1,1,0,1,0,1,0,1,0,0,0,1,1,0,0,0,5.8315
0,1,1,0,1,1,1,1,0,0,0,1,0,1,0,1,0,0,1.2558
1,0,1,1,0,1,0,1,0,0,0,0,1,1,0,0,0,1,37.8490
1,1,1,0,1,1,0,1,1,0,0,0,0,1,0,0,0,1,2.0347
1,1,1,1,1,0,0,1,0,1,0,0,0,1,0,0,1,0,5.8309
0,0,0,0,0,1,0,1,0,0,0,0,1,1,0,0,1,0,0.9147
0,0,1,1,0,1,0,1,0,0,1,0,0,1,0,0,1,0,0.4981
1,0,1,0,1,1,0,1,0,0,0,0,1,1,1,0,0,0,37.8513
0,1,1,1,1,0,0,1,0,0,1,0,0,1,1,0,0,0,0.7493
1,0,1,0,1,1,0,1,0,0,0,1,0,1,0,0,0,1,20.0215
0,0,0,0,0,0,1,1,0,0,0,0,1,1,0,0,0,1,0.9447
1,0,0,0,0,1,0,1,0,0,0,1,0,1,0,0,1,0,19.9648
0,0,1,1,0,1,1,1,0,0,0,1,0,1,0,1,0,0,0.6492
1,0,1,1,0,1,1,1,0,0,0,1,0,1,0,1,0,0,19.9569
1,1,0,1,1,1,1,1,1,0,0,0,0,1,0,1,0,0,2.0691
0,1,1,0,0,0,0,1,0,1,0,0,0,1,1,0,0,0,0.5075
1,1,1,0,0,0,0,1,0,0,0,1,0,1,0,0,0,1,21.2475
1,0,1,1,1,1,0,1,1,0,0,0,0,1,0,0,0,1,3.2042
1,1,1,0,0,1,0,1,1,0,0,0,0,1,1,0,0,0,2.0325
0,1,0,1,1,0,1,1,0,0,1,0,0,1,0,0,1,0,0.7846
1,1,1,0,1,0,1,1,0,1,0,0,0,1,0,1,0,0,5.8622
0,0,0,1,0,0,1,1,0,0,0,1,0,1,0,0,1,0,0.6515
0,1,0,0,1,1,1,1,0,0,0,0,1,1,0,0,1,0,2.1719
0,0,1,0,0,1,1,1,1,0,0,0,0,1,0,0,0,1,0.5721
0,0,0,0,0,0,0,1,0,0,0,1,0,1,0,0,1,0,0.6127
1,0,1,1,1,1,1,1,0,0,0,0,1,1,0,1,0,0,37.7186
0,1,1,0,1,1,1,1,0,0,0,0,1,1,0,0,1,0,2.1719
0,1,0,0,0,0,0,1,0,1,0,0,0,1,0,1,0,0,0.5157
1,1,1,0,0,0,1,1,0,0,1,0,0,1,0,1,0,0,10.9365
0,0,0,0,1,1,1,1,1,0,0,0,0,1,0,0,0,1,0.5693
0,0,1,1,1,0,1,1,0,0,0,0,1,1,0,0,0,1,0.9568
1,0,1,0,1,0,0,1,0,0,0,0,1,1,1,0,0,0,37.8092
1,1,1,1,1,1,1,1,0,0,0,0,1,1,0,0,1,0,38.8024
1,0,0,0,0,1,0,1,1,0,0,0,0,1,0,0,1,0,3.2517
0,1,1,0,1,1,1,1,0,0,1,0,0,1,0,0,0,1,0.7596
0,0,0,1,0,0,0,1,0,0,0,0,1,1,0,1,0,0,0.9321
0,0,0,0,1,1,0,1,0,0,0,1,0,1,0,1,0,0,0.6307
1,1,1,1,0,1,1,1,1,0,0,0,0,1,0,1,0,0,2.0726
1,1,1,1,0,0,1,1,0,1,0,0,0,1,0,0,0,1,5.8711
1,1,1,1,1,0,1,1,1,0,0,0,0,1,0,0,0,1,2.0569
1,1,0,0,1,0,0,1,1,0,0,0,0,1,0,1,0,0,2.0428
1,1,1,1,0,1,0,1,0,0,1,0,0,1,0,1,0,0,10.9261
0,0,1,1,0,0,0,1,1,0,0,0,0,1,1,0,0,0,0.5280
1,0,1,0,1,1,1,1,0,1,0,0,0,1,0,0,1,0,6.5414
0,0,1,1,0,1,0,1,0,1,0,0,0,1,1,0,0,0,0.4392
0,0,0,0,1,0,0,1,1,0,0,0,0,1,0,0,0,1,0.5042
0,0,1,0,1,1,0,1,0,1,0,0,0,1,0,0,1,0,0.4545
0,1,1,1,1,0,0,1,0,0,1,0,0,1,0,0,1,0,0.7482
0,1,1,1,0,0,0,1,0,0,0,1,0,1,0,0,0,1,1.2497
0,1,0,0,0,0,1,1,0,0,0,0,1,1,0,0,0,1,2.1464
0,1,1,1,1,1,0,1,0,0,0,0,1,1,0,0,1,0,2.1051
1,0,1,1,0,0,0,1,0,0,0,1,0,1,0,0,0,1,20.0268
0,1,1,0,1,1,0,1,1,0,0,0,0,1,0,1,0,0,0.3671
0,1,1,1,0,0,0,1,0,0,0,0,1,1,0,1,0,0,2.3917
0,1,0,1,0,0,1,1,0,1,0,0,0,1,0,0,0,1,0.5371
0,1,0,1,1,0,0,1,0,0,0,1,0,1,1,0,0,0,1.2694
1,1,0,0,1,0,0,1,1,0,0,0,0,1,1,0,0,0,2.0368
0,0,1,1,1,0,1,1,1,0,0,0,0,1,0,1,0,0,0.5797
1,0,1,0,1,0,0,1,0,0,0,1,0,1,0,0,0,1,20.0178
0,1,0,0,1,1,0,1,1,0,0,0,0,1,0,0,1,0,0.3652
0,0,0,0,1,0,1,1,0,1,0,0,0,1,0,1,0,0,0.4652
1,0,1,1,1,1,0,1,1,0,0,0,0,1,1,0,0,0,3.2125
0,1,1,0,1,1,1,1,0,0,0,1,0,1,0,0,0,1,1.2546
0,0,1,0,0,0,1,1,0,0,1,0,0,1,0,0,0,1,0.5102
1,1,0,0,1,1,1,1,0,0,0,0,1,1,0,1,0,0,38.8427
0,1,1,0,0,0,1,1,1,0,0,0,0,1,1,0,0,0,0.3908
1,0,1,1,1,0,0,1,0,0,1,0,0,1,0,1,0,0,10.7379
0,1,1,0,0,1,1,1,1,0,0,0,0,1,0,1,0,0,0.4067
1,0,0,1,0,1,0,1,1,0,0,0,0,1,0,1,0,0,3.2370
1,0,0,1,0,1,0,1,0,1,0,0,0,1,1,0,0,0,6.5260
1,0,1,0,1,0,1,1,1,0,0,0,0,1,0,1,0,0,3.2932
0,1,0,1,0,1,0,1,0,0,0,1,0,1,1,0,0,0,1.2570
1,0,1,0,0,0,0,1,0,0,0,0,1,1,0,0,1,0,37.8012
0,0,1,1,1,0,1,1,0,0,0,0,1,1,0,1,0,0,0.9607
1,1,1,1,1,0,1,1,0,0,0,0,1,1,1,0,0,0,38.9265
1,1,1,1,0,0,0,1,1,0,0,0,0,1,0,0,0,1,2.0426
0,0,0,0,0,0,1,1,0,0,0,1,0,1,0,1,0,0,0.6342
1,0,0,0,0,0,0,1,0,0,0,0,1,1,1,0,0,0,37.7909
1,0,0,1,1,0,1,1,1,0,0,0,0,1,0,1,0,0,3.2821
1,1,1,1,1,1,1,1,0,0,1,0,0,1,0,0,0,1,10.9075
1,1,1,0,1,1,1,1,0,0,1,0,0,1,0,1,0,0,10.9401
0,1,0,1,1,0,1,1,0,0,0,1,0,1,0,0,0,1,1.3123
0,1,0,1,0,0,0,1,0,0,0,0,1,1,0,1,0,0,2.3738
0,1,1,0,0,1,0,1,0,1,0,0,0,1,1,0,0,0,0.5123
1,0,0,0,0,0,1,1,0,1,0,0,0,1,1,0,0,0,6.5464
1,0,1,1,1,0,0,1,0,0,0,0,1,1,0,1,0,0,37.7617
1,1,1,1,0,0,0,1,0,0,0,1,0,1,0,0,0,1,21.2426
0,1,1,0,1,0,0,1,1,0,0,0,0,1,1,0,0,0,0.3620
0,1,1,1,1,0,0,1,0,0,0,0,1,1,0,1,0,0,2.3957
0,1,1,1,1,1,0,1,0,0,0,1,0,1,0,0,1,0,1.2713
1,1,1,1,0,0,1,1,1,0,0,0,0,1,0,1,0,0,2.0853
0,1,0,0,0,1,1,1,1,0,0,0,0,1,1,0,0,0,0.3884
0,1,0,1,1,1,0,1,0,0,0,0,1,1,0,1,0,0,2.0997
1,1,1,0,0,1,1,1,0,0,0,0,1,1,0,1,0,0,38.8806
1,1,1,0,0,1,1,1,0,0,0,0,1,1,0,0,1,0,38.9232
0,0,1,0,1,0,1,1,0,0,1,0,0,1,0,0,1,0,0.5102
0,1,1,1,1,1,0,1,0,1,0,0,0,1,0,0,1,0,0.5208
0,0,0,1,0,1,1,1,0,0,1,0,0,1,1,0,0,0,0.5206
1,0,0,1,0,0,0,1,0,0,1,0,0,1,0,0,1,0,10.7440
0,0,1,1,0,1,0,1,0,0,1,0,0,1,0,1,0,0,0.4987
1,1,0,0,0,0,0,1,0,0,0,0,1,1,0,0,0,1,39.0300
0,0,0,0,0,0,0,1,1,0,0,0,0,1,1,0,0,0,0.5029
0,1,1,1,1,1,1,1,1,0,0,0,0,1,1,0,0,0,0.4019
1,0,1,0,1,0,0,1,0,1,0,0,0,1,1,0,0,0,6.5160
1,1,0,1,1,0,0,1,0,0,0,0,1,1,0,1,0,0,39.0409
0,0,1,0,0,0,0,1,0,0,0,1,0,1,0,0,1,0,0.6293
0,0,0,0,0,1,0,1,1,0,0,0,0,1,1,0,0,0,0.5187
0,0,0,0,1,1,0,1,0,1,0,0,0,1,1,0,0,0,0.4440
0,1,0,0,1,1,0,1,0,0,0,1,0,1,1,0,0,0,1.2584
0,0,1,1,0,0,0,1,0,1,0,0,0,1,0,1,0,0,0.4521
0,1,1,0,0,1,1,1,0,1,0,0,0,1,0,1,0,0,0.5355
1,1,1,0,1,1,0,1,0,0,0,1,0,1,0,0,1,0,21.3011
1,1,0,0,0,0,0,1,1,0,0,0,0,1,0,0,0,1,2.0258
0,0,0,1,1,0,1,1,0,1,0,0,0,1,0,0,0,1,0.4733
1,1,1,0,1,1,0,1,0,1,0,0,0,1,0,0,1,0,5.8350
1,1,1,0,0,1,1,1,0,1,0,0,0,1,0,0,1,0,5.8527
1,1,0,1,0,1,0,1,0,1,0,0,0,1,0,0,1,0,5.8248
1,0,1,1,0,1,1,1,1,0,0,0,0,1,0,0,1,0,3.3196
0,1,0,1,1,1,1,1,0,0,1,0,0,1,0,1,0,0,0.7592
1,1,0,0,0,0,1,1,0,0,1,0,0,1,1,0,0,0,10.9376
1,0,1,0,1,0,1,1,0,0,0,1,0,1,0,0,0,1,19.9481
1,0,0,0,1,0,0,1,0,1,0,0,0,1,1,0,0,0,6.5161
1,0,1,1,1,0,0,1,0,1,0,0,0,1,0,1,0,0,6.5145
0,0,0,0,1,1,1,1,0,1,0,0,0,1,0,1,0,0,0.4684
0,1,1,1,1,1,0,1,0,0,0,1,0,1,0,0,0,1,1.2745
1,1,1,0,1,0,0,1,1,0,0,0,0,1,0,0,1,0,2.0308
0,0,0,0,0,1,1,1,0,0,0,1,0,1,0,1,0,0,0.6384
1,0,1,1,0,1,0,1,1,0,0,0,0,1,1,0,0,0,3.2064
1,0,1,1,1,1,0,1,0,0,0,0,1,1,0,0,0,1,37.8413
1,1,0,0,0,1,0,1,0,0,1,0,0,1,0,0,1,0,10.8937
0,0,1,1,0,0,1,1,0,0,0,0,1,1,0,0,0,1,0.9503
0,1,0,0,1,1,1,1,1,0,0,0,0,1,0,0,0,1,0.3881
0,0,0,0,0,0,1,1,1,0,0,0,0,1,0,0,0,1,0.5764
1,1,0,1,0,1,1,1,1,0,0,0,0,1,0,0,1,0,2.0748
0,0,1,1,0,1,1,1,0,0,0,0,1,1,0,0,0,1,0.9385
0,0,0,1,1,0,1,1,1,0,0,0,0,1,0,0,1,0,0.5794
1,0,0,1,1,0,1,1,1,0,0,0,0,1,0,0,0,1,3.2671
1,0,0,0,1,0,1,1,0,0,0,0,1,1,0,0,1,0,37.6434
0,1,0,1,1,0,1,1,1,0,0,0,0,1,0,0,1,0,0.3825
1,1,1,1,1,0,0,1,0,0,0,1,0,1,0,0,0,1,21.2895
0,1,1,0,0,1,0,1,0,1,0,0,0,1,0,0,1,0,0.5103
0,1,0,0,1,0,0,1,0,0,1,0,0,1,0,0,1,0,0.7503
0,1,0,0,0,0,1,1,1,0,0,0,0,1,0,0,1,0,0.3830
1,1,0,1,0,1,0,1,0,0,0,1,0,1,0,0,1,0,21.2206
0,0,1,0,1,1,1,1,0,0,1,0,0,1,0,0,1,0,0.5183
0,1,1,0,0,1,0,1,0,0,1,0,0,1,0,0,1,0,0.7479
1,0,1,0,0,0,1,1,0,1,0,0,0,1,0,1,0,0,6.5372
1,1,0,0,1,1,1,1,0,0,1,0,0,1,0,1,0,0,10.9362
1,0,0,0,1,1,1,1,0,0,0,0,1,1,0,1,0,0,37.6686
0,1,0,1,1,1,0,1,0,0,0,1,0,1,1,0,0,0,1.2604
1,0,0,1,1,1,0,1,0,0,0,1,0,1,0,0,1,0,19.9687
0,0,0,0,0,0,1,1,1,0,0,0,0,1,0,1,0,0,0.5823
1,1,0,1,0,1,0,1,0,0,1,0,0,1,0,0,0,1,10.9174
1,0,1,1,1,0,0,1,0,0,0,1,0,1,0,0,0,1,19.9833
0,0,0,0,0,0,0,1,0,0,1,0,0,1,0,0,0,1,0.4785
1,0,0,0,0,0,0,1,0,0,1,0,0,1,1,0,0,0,10.7529
1,1,0,0,0,0,0,1,0,0,0,1,0,1,0,1,0,0,21.2565
1,1,0,1,0,1,0,1,0,1,0,0,0,1,0,1,0,0,5.8231
1,1,1,0,0,0,0,1,0,0,0,1,0,1,1,0,0,0,21.2399
1,1,1,0,0,0,0,1,0,1,0,0,0,1,0,0,0,1,5.8393
1,1,1,1,0,0,1,1,0,0,0,0,1,1,0,1,0,0,38.7890
1,0,1,1,0,1,1,1,0,0,0,1,0,1,1,0,0,0,19.9497
0,0,0,0,1,1,0,1,0,1,0,0,0,1,0,0,1,0,0.4455
0,1,1,1,0,1,1,1,0,1,0,0,0,1,0,0,0,1,0.5271
1,1,1,0,1,1,1,1,1,0,0,0,0,1,0,0,0,1,2.0894
0,1,0,0,1,0,1,1,1,0,0,0,0,1,0,0,1,0,0.3881
0,0,0,1,0,1,1,1,1,0,0,0,0,1,0,0,1,0,0.5745
1,1,0,1,1,1,1,1,1,0,0,0,0,1,0,0,0,1,2.0704
0,1,0,1,0,1,1,1,1,0,0,0,0,1,0,0,0,1,0.3898
1,0,1,1,1,1,1,1,0,0,1,0,0,1,0,1,0,0,10.7534
1,0,1,1,1,1,0,1,0,0,0,1,0,1,0,0,0,1,19.9742
0,0,1,1,0,0,1,1,0,0,0,0,1,1,0,1,0,0,0.9542
0,0,0,1,1,1,1,1,0,0,1,0,0,1,1,0,0,0,0.5232
1,1,0,0,0,1,0,1,1,0,0,0,0,1,0,1,0,0,2.0202
1,0,1,1,1,0,0,1,1,0,0,0,0,1,0,0,0,1,3.2267
1,0,1,1,0,1,0,1,0,0,1,0,0,1,1,0,0,0,10.7189
0,0,1,0,0,1,0,1,1,0,0,0,0,1,0,0,0,1,0.5293
0,1,0,0,0,1,0,1,0,0,0,1,0,1,0,0,0,1,1.2414
1,0,1,0,0,0,0,1,0,0,0,1,0,1,0,1,0,0,19.9824
1,1,0,1,0,1,1,1,0,0,0,1,0,1,0,0,1,0,21.2341
1,0,0,1,1,1,1,1,0,1,0,0,0,1,0,0,1,0,6.5162
0,0,1,1,1,1,1,1,0,0,0,1,0,1,0,0,1,0,0.6431
1,0,1,1,0,0,1,1,0,0,0,1,0,1,0,0,0,1,19.9755
1,1,1,1,1,1,0,1,1,0,0,0,0,1,0,0,1,0,2.0370
1,0,0,0,1,0,1,1,0,0,0,0,1,1,0,1,0,0,37.5656
0,1,1,1,0,0,1,1,0,0,0,0,1,1,0,1,0,0,2.1343
1,1,1,1,1,0,1,1,0,0,0,0,1,1,0,0,0,1,38.8176
1,0,0,0,0,0,0,1,0,0,1,0,0,1,0,0,0,1,10.7562
0,0,0,0,0,1,0,1,0,1,0,0,0,1,0,0,0,1,0.4523
0,0,0,1,0,1,1,1,0,0,0,1,0,1,0,0,0,1,0.6448
0,0,0,1,1,1,1,1,0,0,0,0,1,1,0,0,1,0,0.9279
0,1,1,1,1,0,1,1,0,0,0,0,1,1,0,0,0,1,2.1478
1,0,1,1,1,0,1,1,1,0,0,0,0,1,0,0,0,1,3.2692
1,1,0,1,1,1,0,1,0,0,1,0,0,1,0,0,0,1,10.9041
1,0,0,1,1,0,0,1,0,0,0,0,1,1,1,0,0,0,37.8123
0,1,0,1,0,0,0,1,0,0,1,0,0,1,0,0,0,1,0.7562
0,0,0,1,0,0,0,1,0,0,1,0,0,1,0,0,1,0,0.5117
0,1,1,1,0,0,1,1,0,1,0,0,0,1,0,0,0,1,0.5385
0,1,0,1,1,1,1,1,0,0,0,0,1,1,1,0,0,0,2.1464
0,1,0,1,0,0,1,1,1,0,0,0,0,1,0,0,0,1,0.3831
0,0,1,1,1,1,0,1,0,0,0,0,1,1,1,0,0,0,0.9179
1,1,0,0,1,0,0,1,0,1,0,0,0,1,1,0,0,0,5.8306
1,1,0,1,0,0,1,1,0,0,0,0,1,1,1,0,0,0,38.8702
1,1,1,0,1,0,1,1,0,0,0,0,1,1,1,0,0,0,38.8573
1,0,1,1,0,1,0,1,0,0,0,1,0,1,0,0,0,1,19.9808
1,1,1,0,0,0,1,1,1,0,0,0,0,1,0,1,0,0,2.0653
0,1,1,1,0,0,1,1,0,0,0,0,1,1,0,0,0,1,2.1395
0,1,0,0,1,1,0,1,0,0,1,0,0,1,0,0,1,0,0.7403
1,1,1,1,1,0,1,1,0,0,1,0,0,1,1,0,0,0,10.9089
1,0,0,0,0,1,1,1,0,0,0,0,1,1,0,0,1,0,37.6540
0,1,0,0,1,0,0,1,0,0,0,1,0,1,0,0,1,0,1.2577
0,0,0,0,1,1,1,1,0,0,1,0,0,1,0,0,1,0,0.5130
0,1,0,1,0,1,1,1,0,0,1,0,0,1,0,0,0,1,0.7569
0,0,1,0,0,1,1,1,0,0,0,0,1,1,0,1,0,0,0.9166
1,0,0,1,1,1,0,1,0,0,1,0,0,1,0,0,1,0,10.7352
1,0,0,1,0,0,1,1,0,0,0,0,1,1,1,0,0,0,37.6859
1,1,1,1,0,0,1,1,0,0,1,0,0,1,0,0,0,1,10.9284
1,0,1,0,0,1,1,1,0,0,0,0,1,1,0,0,0,1,37.6824
0,1,1,0,1,0,0,1,1,0,0,0,0,1,0,0,0,1,0.3631
1,0,1,0,1,0,0,1,0,0,0,0,1,1,0,0,0,1,37.8129
0,1,0,0,1,0,1,1,0,0,0,1,0,1,0,0,1,0,1.3114
1,1,0,1,0,1,0,1,0,1,0,0,0,1,1,0,0,0,5.8252
0,0,0,1,0,0,1,1,0,0,0,0,1,1,1,0,0,0,0.9603
1,0,1,1,1,0,1,1,0,0,0,0,1,1,0,1,0,0,37.6081
1,1,1,0,1,0,1,1,1,0,0,0,0,1,0,0,0,1,2.0760
1,0,0,1,0,0,1,1,1,0,0,0,0,1,1,0,0,0,3.2860
1,0,0,1,1,1,1,1,0,0,1,0,0,1,0,0,0,1,10.7136
0,1,0,0,0,1,0,1,0,0,0,0,1,1,1,0,0,0,2.1049
0,1,1,1,0,0,1,1,0,0,1,0,0,1,0,1,0,0,0.7751
1,0,1,0,1,0,1,1,0,0,1,0,0,1,0,0,1,0,10.7379
0,0,1,0,1,1,0,1,0,0,1,0,0,1,1,0,0,0,0.5019
1,1,0,0,1,0,0,1,0,0,0,1,0,1,0,1,0,0,21.2913
1,1,1,0,1,0,0,1,0,0,0,1,0,1,0,1,0,0,21.2652
0,0,1,1,0,0,0,1,0,0,0,0,1,1,0,1,0,0,0.9280
1,1,0,1,1,1,1,1,0,0,0,1,0,1,0,0,0,1,21.2274
0,0,1,0,0,1,0,1,0,0,0,0,1,1,0,0,0,1,0.9242
0,0,0,0,0,1,1,1,1,0,0,0,0,1,0,0,0,1,0.5683
1,1,0,0,1,0,1,1,0,0,1,0,0,1,0,0,0,1,10.9249
0,0,0,1,1,1,1,1,0,0,1,0,0,1,0,1,0,0,0.5227
1,1,0,0,1,0,1,1,0,0,0,1,0,1,0,1,0,0,21.2481
0,0,0,1,0,1,0,1,0,0,0,1,0,1,1,0,0,0,0.6347
1,0,1,1,1,1,1,1,1,0,0,0,0,1,0,1,0,0,3.2846
1,1,0,1,0,0,0,1,0,1,0,0,0,1,1,0,0,0,5.8130
0,1,0,1,0,0,1,1,1,0,0,0,0,1,0,0,1,0,0.3851
1,0,1,1,0,1,1,1,0,0,0,1,0,1,0,0,0,1,19.9614
0,0,0,0,1,0,0,1,0,0,0,0,1,1,1,0,0,0,0.9177
1,0,0,1,0,1,1,1,0,0,0,0,1,1,0,1,0,0,37.6257
0,0,0,0,0,0,0,1,0,0,1,0,0,1,1,0,0,0,0.4820
1,1,1,0,0,1,1,1,1,0,0,0,0,1,0,0,1,0,2.0869
1,0,0,1,1,0,0,1,0,1,0,0,0,1,0,1,0,0,6.5101
1,1,0,1,1,1,1,1,0,1,0,0,0,1,0,0,0,1,5.8526
0,0,0,1,0,0,0,1,0,0,0,1,0,1,1,0,0,0,0.6444
0,0,1,0,1,0,1,1,1,0,0,0,0,1,0,1,0,0,0.5681
1,0,1,0,0,1,1,1,0,0,0,1,0,1,1,0,0,0,19.9483
0,1,0,0,0,0,0,1,0,1,0,0,0,1,0,0,1,0,0.5177
0,0,0,0,0,0,0,1,0,0,1,0,0,1,0,0,1,0,0.4803
0,1,1,0,0,0,1,1,1,0,0,0,0,1,0,0,1,0,0.3854
1,1,0,0,0,1,1,1,0,0,0,0,1,1,0,0,0,1,38.8457
1,1,0,0,0,1,0,1,0,0,0,1,0,1,0,1,0,0,21.2188
1,1,0,1,0,1,1,1,0,0,1,0,0,1,0,0,1,0,10.9162
0,1,0,0,0,0,1,1,0,1,0,0,0,1,0,1,0,0,0.5372
0,0,0,0,0,0,0,1,0,0,1,0,0,1,0,1,0,0,0.4856
1,0,1,1,1,1,1,1,0,0,1,0,0,1,0,0,0,1,10.7295
1,0,1,0,1,0,0,1,0,0,0,0,1,1,0,0,1,0,37.8270
1,1,0,0,0,1,1,1,1,0,0,0,0,1,0,0,0,1,2.0651
1,1,0,1,0,1,1,1,0,1,0,0,0,1,0,1,0,0,5.8589
0,0,1,1,1,0,0,1,0,0,0,0,1,1,0,0,0,1,0.9259
0,1,0,1,0,1,0,1,1,0,0,0,0,1,1,0,0,0,0.3705
0,0,0,1,0,0,0,1,0,0,0,1,0,1,0,0,1,0,0.6405
1,0,0,0,1,1,0,1,0,0,1,0,0,1,0,1,0,0,10.7378
0,0,0,1,0,0,0,1,1,0,0,0,0,1,0,0,1,0,0.5288
0,0,1,1,0,0,0,1,0,1,0,0,0,1,0,0,1,0,0.4542
1,0,1,0,0,0,0,1,0,0,1,0,0,1,0,0,1,0,10.7633
1,1,0,1,0,1,0,1,0,0,0,0,1,1,0,0,0,1,38.9837
1,1,0,1,1,1,1,1,0,0,1,0,0,1,1,0,0,0,10.9626
1,0,1,1,0,0,0,1,0,0,1,0,0,1,1,0,0,0,10.7394
1,1,1,0,0,1,0,1,0,0,0,0,1,1,0,1,0,0,39.0686
0,1,1,1,1,0,0,1,1,0,0,0,0,1,1,0,0,0,0.3629
0,1,1,0,0,0,0,1,0,1,0,0,0,1,0,0,0,1,0.5068
1,0,0,0,0,0,0,1,0,0,0,0,1,1,0,0,0,1,37.7970
1,0,0,1,1,1,1,1,0,1,0,0,0,1,0,1,0,0,6.5327
0,1,1,1,0,0,0,1,0,0,1,0,0,1,1,0,0,0,0.7522
1,1,0,0,1,0,0,1,0,1,0,0,0,1,0,0,0,1,5.8314
0,0,1,1,1,1,1,1,0,0,1,0,0,1,0,1,0,0,0.5219
1,1,1,1,1,0,0,1,0,0,0,1,0,1,1,0,0,0,21.2861
1,0,1,1,0,1,1,1,0,1,0,0,0,1,0,0,1,0,6.5480
1,0,1,1,1,0,1,1,0,0,0,0,1,1,1,0,0,0,37.6538
0,1,1,0,0,1,1,1,1,0,0,0,0,1,1,0,0,0,0.3943
0,0,1,0,0,0,0,1,0,0,0,0,1,1,0,0,1,0,0.9260
0,1,1,1,0,1,0,1,0,1,0,0,0,1,1,0,0,0,0.5151
0,0,0,1,0,1,0,1,1,0,0,0,0,1,0,0,0,1,0.5222
0,0,1,1,1,1,1,1,0,0,0,0,1,1,1,0,0,0,0.9252
0,1,0,0,1,1,0,1,0,1,0,0,0,1,1,0,0,0,0.5144
0,0,0,1,0,1,0,1,0,0,0,1,0,1,0,0,0,1,0.6352
0,1,1,0,1,0,0,1,0,1,0,0,0,1,1,0,0,0,0.5041
1,1,1,1,0,1,1,1,0,0,1,0,0,1,0,1,0,0,10.9242
0,0,1,0,0,1,0,1,0,0,1,0,0,1,0,0,1,0,0.5059
1,1,1,1,1,0,1,1,1,0,0,0,0,1,0,1,0,0,2.0668
1,0,0,0,1,0,1,1,0,0,1,0,0,1,1,0,0,0,10.7131
1,1,0,0,1,1,0,1,0,1,0,0,0,1,0,1,0,0,5.8353
1,0,0,0,0,0,1,1,0,0,1,0,0,1,0,1,0,0,10.7514
1,1,1,1,0,1,0,1,1,0,0,0,0,1,0,1,0,0,2.0407
1,1,0,1,1,1,1,1,0,0,0,0,1,1,1,0,0,0,38.9351
1,1,1,1,0,1,0,1,0,0,0,1,0,1,0,1,0,0,21.2389
0,1,1,1,0,0,0,1,0,1,0,0,0,1,0,0,0,1,0.5145
1,1,0,0,0,0,1,1,0,0,0,1,0,1,0,1,0,0,21.2656
0,1,1,1,0,0,0,1,0,0,0,0,1,1,0,0,0,1,2.3942
1,0,1,1,1,0,0,1,1,0,0,0,0,1,0,0,1,0,3.2267
0,1,1,1,1,1,1,1,0,0,0,1,0,1,0,0,0,1,1.2672
1,1,1,1,1,1,1,1,1,0,0,0,0,1,0,0,1,0,2.0744
0,0,1,1,0,0,1,1,0,0,1,0,0,1,0,0,0,1,0.5254
1,1,0,1,1,0,0,1,1,0,0,0,0,1,1,0,0,0,2.0329
0,0,1,0,0,1,1,1,0,1,0,0,0,1,0,0,0,1,0.4674
0,1,1,1,0,0,1,1,0,0,0,0,1,1,1,0,0,0,2.1451
0,0,0,0,0,1,0,1,0,1,0,0,0,1,1,0,0,0,0.4505
1,0,0,0,1,1,0,1,0,0,0,0,1,1,1,0,0,0,37.7489
1,1,0,1,0,0,0,1,0,0,1,0,0,1,0,0,1,0,10.9222
0,0,1,0,1,1,0,1,1,0,0,0,0,1,0,0,1,0,0.5297
1,1,1,1,0,1,1,1,0,0,0,1,0,1,0,0,0,1,21.2147
1,1,0,1,1,1,1,1,0,0,0,0,1,1,0,0,1,0,38.9673
0,1,1,1,1,0,0,1,0,1,0,0,0,1,0,1,0,0,0.5131
1,1,0,0,1,0,0,1,0,0,0,0,1,1,0,1,0,0,39.0131
1,1,0,1,1,1,1,1,0,0,1,0,0,1,0,1,0,0,10.9242
0,0,0,0,0,1,1,1,0,0,1,0,0,1,0,0,1,0,0.5125
0,0,0,1,1,0,1,1,0,0,1,0,0,1,0,0,1,0,0.5154
0,1,0,0,0,1,1,1,0,0,1,0,0,1,0,1,0,0,0.7586
0,1,0,0,1,0,1,1,0,0,0,0,1,1,1,0,0,0,2.1508
1,0,1,1,1,1,0,1,0,0,0,0,1,1,1,0,0,0,37.8035
1,0,1,0,1,0,1,1,0,1,0,0,0,1,0,0,0,1,6.5310
0,0,0,1,0,1,1,1,0,1,0,0,0,1,0,0,0,1,0.4768
1,0,0,1,0,1,1,1,0,0,1,0,0,1,0,1,0,0,10.7028
0,1,0,1,1,0,1,1,1,0,0,0,0,1,1,0,0,0,0.3861
0,0,1,1,0,0,0,1,0,0,0,1,0,1,0,0,0,1,0.6279
1,0,0,1,0,0,1,1,0,1,0,0,0,1,1,0,0,0,6.5330
1,0,0,0,1,1,1,1,0,0,0,1,0,1,0,1,0,0,19.9323
0,0,1,0,0,0,1,1,0,0,0,0,1,1,0,0,1,0,0.9502
0,0,1,1,0,0,1,1,0,1,0,0,0,1,1,0,0,0,0.4718
1,0,0,0,1,1,1,1,0,0,0,0,1,1,0,0,0,1,37.7236
0,1,1,0,1,1,1,1,0,0,1,0,0,1,1,0,0,0,0.7546
0,1,0,1,0,0,1,1,0,0,0,1,0,1,0,1,0,0,1.3081
1,1,0,1,1,0,1,1,0,0,1,0,0,1,1,0,0,0,10.9373
0,1,0,1,0,0,0,1,0,0,1,0,0,1,0,0,1,0,0.7537
0,0,0,1,0,1,1,1,0,0,0,0,1,1,0,0,1,0,0.9215
1,0,0,1,0,0,0,1,0,0,1,0,0,1,1,0,0,0,10.7222
0,0,0,0,1,1,0,1,0,0,0,0,1,1,0,1,0,0,0.9145
0,1,1,1,1,0,0,1,0,0,1,0,0,1,0,1,0,0,0.7475
1,1,0,1,1,0,0,1,1,0,0,0,0,1,0,0,1,0,2.0279
0,1,1,0,1,0,1,1,0,0,1,0,0,1,0,1,0,0,0.7900
0,0,0,1,1,1,0,1,0,0,1,0,0,1,0,0,0,1,0.5016
1,1,0,1,0,1,0,1,0,0,0,1,0,1,0,1,0,0,21.2265
1,1,1,0,0,1,0,1,0,1,0,0,0,1,1,0,0,0,5.8404
1,1,0,0,1,0,0,1,0,0,0,0,1,1,0,0,1,0,39.0191
1,1,1,1,0,1,0,1,0,0,0,1,0,1,0,0,1,0,21.2577
0,0,1,1,0,0,1,1,0,0,0,1,0,1,0,1,0,0,0.6542
0,1,0,1,0,0,0,1,0,0,0,1,0,1,0,1,0,0,1.2543
0,1,1,0,0,1,1,1,0,0,0,0,1,1,0,0,0,1,2.1691
0,0,0,1,1,1,0,1,0,0,0,1,0,1,0,1,0,0,0.6315
1,0,1,0,1,1,0,1,0,0,1,0,0,1,0,0,1,0,10.7481
0,1,0,0,1,0,1,1,0,0,1,0,0,1,0,0,1,0,0.7800
1,1,0,1,1,1,0,1,0,0,1,0,0,1,0,0,1,0,10.9022
0,0,1,0,0,0,1,1,0,0,1,0,0,1,0,1,0,0,0.5121
1,0,0,0,0,1,1,1,0,0,0,0,1,1,0,0,0,1,37.7028
0,1,1,0,1,1,0,1,0,1,0,0,0,1,0,0,1,0,0.5192
1,1,0,1,0,1,0,1,0,0,1,0,0,1,0,1,0,0,10.9194
0,1,1,0,0,1,1,1,0,0,0,0,1,1,0,0,1,0,2.1706
0,1,1,1,0,0,0,1,0,0,0,1,0,1,1,0,0,0,1.2448
0,1,1,1,1,1,1,1,0,1,0,0,0,1,0,1,0,0,0.5321
0,0,0,0,0,0,1,1,0,0,1,0,0,1,1,0,0,0,0.5068
1,1,0,1,1,0,0,1,0,0,0,1,0,1,0,0,0,1,21.2809
1,0,1,1,0,0,1,1,0,0,0,1,0,1,0,0,1,0,19.9962
0,0,0,0,1,0,1,1,0,0,1,0,0,1,0,1,0,0,0.5098
0,1,1,0,1,1,1,1,0,0,1,0,0,1,0,0,1,0,0.7597
0,0,1,0,1,1,0,1,1,0,0,0,0,1,0,1,0,0,0.5255
1,1,1,0,1,1,1,1,0,0,1,0,0,1,0,0,1,0,10.9415
1,1,0,0,1,1,1,1,0,1,0,0,0,1,0,0,0,1,5.8643
0,1,1,1,0,0,1,1,1,0,0,0,0,1,1,0,0,0,0.3825
0,0,1,0,1,1,0,1,0,0,0,1,0,1,0,1,0,0,0.6332
0,1,1,1,0,0,1,1,0,1,0,0,0,1,0,0,1,0,0.5388
1,0,1,0,1,1,1,1,1,0,0,0,0,1,0,1,0,0,3.2988
0,0,0,0,1,0,1,1,0,0,0,0,1,1,0,1,0,0,0.9425
1,1,0,1,0,0,0,1,1,0,0,0,0,1,0,0,1,0,2.0232
0,1,0,1,0,1,0,1,1,0,0,0,0,1,0,0,1,0,0.3696
1,1,0,1,1,0,0,1,0,1,0,0,0,1,0,1,0,0,5.8244
0,1,1,1,1,1,0,1,1,0,0,0,0,1,0,0,1,0,0.3659
0,1,1,0,0,1,1,1,1,0,0,0,0,1,0,0,0,1,0.4003
0,0,1,0,0,0,0,1,1,0,0,0,0,1,0,0,0,1,0.5178
0,0,0,0,1,1,0,1,1,0,0,0,0,1,1,0,0,0,0.5194
0,0,0,1,0,0,0,1,1,0,0,0,0,1,1,0,0,0,0.5356
0,1,0,0,0,0,1,1,0,0,1,0,0,1,1,0,0,0,0.7731
0,1,1,0,1,0,0,1,0,0,0,1,0,1,0,0,1,0,1.2572
1,1,1,1,1,0,1,1,1,0,0,0,0,1,0,0,1,0,2.0608
1,0,0,0,1,0,1,1,0,0,1,0,0,1,0,0,0,1,10.7223
1,0,1,1,1,0,0,1,1,0,0,0,0,1,1,0,0,0,3.2328
1,0,1,0,0,1,1,1,0,0,0,1,0,1,0,0,1,0,19.9046
0,0,0,0,1,0,1,1,0,1,0,0,0,1,0,0,1,0,0.4646
0,1,1,0,0,1,0,1,0,0,0,1,0,1,1,0,0,0,1.2577
0,1,0,1,0,0,0,1,0,0,0,1,0,1,1,0,0,0,1.2526
1,1,0,1,1,0,1,1,0,0,1,0,0,1,0,0,0,1,10.9349
1,0,0,0,0,0,0,1,0,0,0,1,0,1,0,1,0,0,20.0033
0,1,0,1,1,0,1,1,0,0,0,0,1,1,1,0,0,0,2.1343
1,0,1,1,0,1,1,1,0,0,1,0,0,1,0,0,1,0,10.7490
1,1,0,0,1,1,0,1,0,0,0,0,1,1,1,0,0,0,39.0130
1,0,1,1,1,0,0,1,0,0,1,0,0,1,0,0,1,0,10.7588
1,1,0,1,0,1,1,1,0,0,0,1,0,1,0,1,0,0,21.2016
1,1,0,0,0,0,0,1,0,0,0,0,1,1,0,1,0,0,38.9400
0,1,1,1,0,1,0,1,0,1,0,0,0,1,0,0,0,1,0.5202
1,0,1,1,1,0,0,1,0,0,0,0,1,1,1,0,0,0,37.8634
0,0,0,0,0,1,1,1,0,0,1,0,0,1,0,0,0,1,0.5124
0,0,1,0,0,1,0,1,0,0,1,0,0,1,0,0,0,1,0.5031
1,0,1,1,1,0,1,1,0,0,1,0,0,1,0,0,1,0,10.7185
0,1,1,0,0,0,0,1,0,0,0,0,1,1,0,1,0,0,2.3983
1,0,1,0,1,1,1,1,0,0,1,0,0,1,0,1,0,0,10.7489
1,1,1,1,1,0,0,1,1,0,0,0,0,1,0,0,1,0,2.0251
0,1,0,0,0,1,0,1,0,0,0,0,1,1,0,1,0,0,2.0940
1,0,1,1,1,1,0,1,0,0,0,1,0,1,0,0,1,0,19.9812
1,0,1,0,1,0,1,1,0,1,0,0,0,1,1,0,0,0,6.5311
0,0,1,0,1,0,0,1,0,0,1,0,0,1,0,0,0,1,0.4967
1,1,1,0,0,0,0,1,0,0,1,0,0,1,0,0,0,1,10.9093
0,0,1,0,1,0,1,1,0,1,0,0,0,1,1,0,0,0,0.4640
0,0,0,1,1,1,1,1,1,0,0,0,0,1,1,0,0,0,0.5774
1,0,0,1,0,0,1,1,0,0,0,0,1,1,0,0,1,0,37.6997
0,0,1,0,1,0,0,1,0,0,0,1,0,1,0,1,0,0,0.6332
0,0,1,1,1,0,0,1,0,0,0,0,1,1,0,0,1,0,0.9257
0,1,1,0,0,0,0,1,1,0,0,0,0,1,1,0,0,0,0.3660
1,1,0,1,1,0,1,1,0,0,0,1,0,1,1,0,0,0,21.2535
0,0,0,1,1,1,0,1,0,1,0,0,0,1,0,0,0,1,0.4482
0,0,0,0,0,1,1,1,0,0,1,0,0,1,0,1,0,0,0.5150
1,0,0,0,0,0,0,1,0,0,0,0,1,1,0,0,1,0,37.8377
1,1,0,1,0,0,1,1,0,0,0,1,0,1,1,0,0,0,21.2473
0,1,1,1,1,0,1,1,0,0,0,0,1,1,1,0,0,0,2.1452
0,1,0,0,0,1,0,1,0,0,1,0,0,1,0,1,0,0,0.7378
0,0,0,0,0,0,0,1,0,0,0,0,1,1,1,0,0,0,0.9179
0,1,0,1,0,0,0,1,0,1,0,0,0,1,1,0,0,0,0.5204
1,0,0,1,0,0,0,1,0,0,0,0,1,1,1,0,0,0,37.7470
0,0,1,1,0,0,1,1,1,0,0,0,0,1,0,0,1,0,0.5776
1,1,1,0,1,0,1,1,1,0,0,0,0,1,0,0,1,0,2.0754
1,1,1,1,1,1,1,1,0,0,0,0,1,1,1,0,0,0,38.8715
1,1,0,1,1,1,1,1,0,0,0,0,1,1,0,0,0,1,38.9317
0,1,1,1,1,1,1,1,0,0,1,0,0,1,0,0,1,0,0.7530
1,1,0,0,0,1,0,1,1,0,0,0,0,1,0,0,1,0,2.0214
1,1,0,1,1,0,0,1,0,1,0,0,0,1,0,0,1,0,5.8400
1,1,1,0,1,0,0,1,0,0,0,0,1,1,0,0,0,1,38.9627
0,1,1,1,0,1,1,1,1,0,0,0,0,1,0,0,0,1,0.3918
1,0,1,1,0,0,0,1,0,0,0,0,1,1,0,0,0,1,37.8316
1,1,1,0,0,0,1,1,0,0,0,1,0,1,0,1,0,0,21.2864
0,0,1,0,0,1,1,1,0,0,0,1,0,1,0,0,0,1,0.6415
0,0,1,0,0,0,1,1,1,0,0,0,0,1,0,0,0,1,0.5666
1,0,1,0,0,0,1,1,0,1,0,0,0,1,1,0,0,0,6.5384
1,0,1,1,1,1,0,1,1,0,0,0,0,1,0,1,0,0,3.2008
1,1,0,0,1,0,1,1,0,0,1,0,0,1,0,0,1,0,10.9241
0,1,1,0,1,1,1,1,0,0,1,0,0,1,0,1,0,0,0.7662
0,1,1,0,0,0,1,1,0,0,0,1,0,1,0,0,0,1,1.3135
1,1,1,0,0,0,0,1,0,0,0,0,1,1,0,0,0,1,38.9766
0,1,1,0,0,1,1,1,0,1,0,0,0,1,0,0,1,0,0.5357
1,0,0,1,1,1,0,1,1,0,0,0,0,1,0,1,0,0,3.2354
0,1,0,0,1,0,1,1,0,0,0,1,0,1,1,0,0,0,1.3077
1,0,0,0,0,1,0,1,0,0,0,0,1,1,0,0,1,0,37.7611
1,0,0,0,1,1,0,1,0,0,0,0,1,1,0,1,0,0,37.7288
0,0,0,1,0,0,1,1,1,0,0,0,0,1,1,0,0,0,0.5875
0,0,0,0,1,1,0,1,1,0,0,0,0,1,0,1,0,0,0.5271
1,1,0,0,0,1,0,1,0,0,0,0,1,1,0,0,0,1,39.0341
0,1,0,1,1,0,1,1,0,0,1,0,0,1,0,1,0,0,0.7761
0,0,1,1,1,0,1,1,0,0,1,0,0,1,0,0,1,0,0.5192
1,1,0,0,0,0,1,1,0,1,0,0,0,1,1,0,0,0,5.8705
0,1,1,0,1,0,0,1,0,0,0,0,1,1,0,0,0,1,2.4023
1,1,1,1,1,1,1,1,0,1,0,0,0,1,0,0,0,1,5.8612
1,1,1,1,1,1,1,1,0,0,0,1,0,1,0,0,1,0,21.1980
1,1,0,1,1,1,0,1,0,0,0,0,1,1,0,0,0,1,39.0166
0,0,0,0,1,0,0,1,0,0,0,0,1,1,0,0,0,1,0.9184
0,0,1,0,1,1,0,1,0,0,0,1,0,1,0,0,1,0,0.6345
0,1,1,1,1,0,1,1,1,0,0,0,0,1,0,1,0,0,0.3898
0,1,1,1,1,0,1,1,0,0,0,1,0,1,0,0,1,0,1.3062
1,1,0,1,0,0,1,1,1,0,0,0,0,1,0,1,0,0,2.0878
1,0,1,1,0,1,0,1,0,0,1,0,0,1,0,0,1,0,10.7235
0,0,0,0,0,0,1,1,0,0,0,1,0,1,0,0,0,1,0.6396
0,0,0,1,1,1,1,1,1,0,0,0,0,1,0,1,0,0,0.5757
1,0,1,0,0,1,1,1,0,0,0,0,1,1,0,1,0,0,37.6032
0,1,1,0,1,1,1,1,0,0,0,0,1,1,0,0,0,1,2.1604
0,1,1,1,0,0,1,1,0,0,1,0,0,1,0,0,1,0,0.7844
0,0,0,0,1,1,1,1,0,0,0,1,0,1,0,0,0,1,0.6396
0,1,0,1,0,0,1,1,0,0,1,0,0,1,0,1,0,0,0.7755
0,1,1,0,1,1,1,1,0,0,0,0,1,1,0,1,0,0,2.1693
1,0,1,1,1,1,0,1,0,0,0,1,0,1,0,1,0,0,19.9735
1,0,1,1,1,0,1,1,0,0,0,0,1,1,0,0,1,0,37.6010
0,0,0,0,1,0,1,1,0,1,0,0,0,1,1,0,0,0,0.4642
0,1,1,1,1,1,1,1,0,0,1,0,0,1,1,0,0,0,0.7594
1,0,0,0,1,0,0,1,0,0,0,1,0,1,0,1,0,0,20.0257
0,1,1,1,1,0,0,1,0,0,0,0,1,1,0,0,0,1,2.3944
0,1,0,0,0,1,0,1,0,1,0,0,0,1,0,0,1,0,0.5056
0,0,1,0,1,1,1,1,0,1,0,0,0,1,1,0,0,0,0.4742
0,0,1,0,0,1,0,1,0,1,0,0,0,1,0,0,1,0,0.4608
0,0,1,0,1,1,1,1,1,0,0,0,0,1,0,1,0,0,0.5703
0,0,1,1,1,1,0,1,1,0,0,0,0,1,0,0,1,0,0.5158
0,1,1,0,1,0,1,1,0,0,0,1,0,1,0,1,0,0,1.3164
0,1,1,0,0,0,1,1,0,0,0,0,1,1,0,0,0,1,2.1411
1,0,1,1,0,1,1,1,0,0,1,0,0,1,0,1,0,0,10.7522
0,0,0,1,0,0,0,1,0,1,0,0,0,1,0,0,0,1,0.4604
1,1,0,0,0,1,0,1,0,0,0,1,0,1,1,0,0,0,21.2520
1,0,0,0,0,0,1,1,0,0,0,0,1,1,0,0,1,0,37.6505
1,1,0,1,1,0,1,1,0,0,0,0,1,1,0,1,0,0,38.9268
0,0,1,0,1,0,0,1,0,1,0,0,0,1,0,0,1,0,0.4455
1,0,1,1,0,0,1,1,1,0,0,0,0,1,0,0,1,0,3.2852
0,1,0,0,0,0,1,1,0,0,1,0,0,1,0,0,0,1,0.7726
1,1,1,0,1,1,0,1,1,0,0,0,0,1,1,0,0,0,2.0343
0,0,0,0,1,0,0,1,0,0,1,0,0,1,0,0,0,1,0.4838
0,0,0,0,1,1,1,1,0,1,0,0,0,1,0,0,0,1,0.4676
0,1,0,0,0,0,0,1,0,0,0,1,0,1,0,0,0,1,1.2519
1,0,1,0,1,0,0,1,1,0,0,0,0,1,0,0,0,1,3.2374
0,1,1,1,0,0,1,1,1,0,0,0,0,1,0,1,0,0,0.3872
1,1,1,1,1,0,0,1,0,0,1,0,0,1,0,0,0,1,10.9178
1,0,1,1,1,0,0,1,0,1,0,0,0,1,1,0,0,0,6.5174
0,1,0,0,1,1,1,1,0,0,0,0,1,1,1,0,0,0,2.1688
1,0,0,0,0,1,1,1,0,0,0,1,0,1,0,0,1,0,19.9054
0,1,1,1,1,0,1,1,0,1,0,0,0,1,1,0,0,0,0.5394
1,0,0,1,1,1,0,1,0,0,0,1,0,1,0,1,0,0,19.9770
1,0,1,1,0,0,0,1,0,0,1,0,0,1,0,1,0,0,10.7354
0,0,0,0,1,0,0,1,0,0,1,0,0,1,0,1,0,0,0.4852
1,1,1,1,1,0,0,1,0,0,1,0,0,1,0,0,1,0,10.9189
1,1,1,0,0,0,0,1,0,0,1,0,0,1,0,1,0,0,10.9212
1,0,1,0,0,1,1,1,0,0,0,0,1,1,1,0,0,0,37.6526
0,0,1,1,1,1,0,1,0,0,1,0,0,1,1,0,0,0,0.4942
0,0,1,0,1,0,0,1,0,0,0,0,1,1,0,0,0,1,0.9248
0,1,1,0,1,0,1,1,1,0,0,0,0,1,0,1,0,0,0.3957
0,1,0,1,0,1,0,1,0,0,0,1,0,1,0,1,0,0,1.2515
1,1,0,1,0,0,0,1,0,0,1,0,0,1,0,0,0,1,10.9029
1,0,1,1,0,0,1,1,0,1,0,0,0,1,0,1,0,0,6.5178
1,1,0,1,0,1,1,1,0,0,0,0,1,1,0,0,0,1,38.8701
1,1,1,0,1,1,0,1,0,0,0,1,0,1,0,1,0,0,21.3091
1,0,0,1,1,1,0,1,0,0,0,1,0,1,0,0,0,1,19.9712
0,0,0,1,1,1,0,1,0,1,0,0,0,1,0,0,1,0,0.4527
1,1,1,0,1,0,0,1,0,0,1,0,0,1,0,0,1,0,10.9352
1,0,0,0,0,0,1,1,0,1,0,0,0,1,0,0,1,0,6.5287
0,1,0,0,0,1,1,1,1,0,0,0,0,1,0,1,0,0,0.3883
0,1,1,1,0,1,0,1,0,0,0,1,0,1,1,0,0,0,1.2554
0,0,0,1,0,1,1,1,0,0,0,1,0,1,0,0,1,0,0.6474
0,0,1,0,0,0,0,1,1,0,0,0,0,1,0,1,0,0,0.5205
1,0,1,0,0,0,0,1,0,0,0,1,0,1,0,0,0,1,20.0239
0,1,1,0,0,0,0,1,0,0,0,1,0,1,0,0,1,0,1.2475
1,0,1,0,0,1,0,1,1,0,0,0,0,1,0,0,1,0,3.2374
0,0,0,1,0,0,0,1,1,0,0,0,0,1,0,0,0,1,0.5294
0,0,1,1,0,1,1,1,0,0,0,1,0,1,1,0,0,0,0.6466
0,1,0,1,0,0,1,1,0,1,0,0,0,1,0,1,0,0,0.5340
0,1,1,1,1,1,1,1,0,0,0,1,0,1,1,0,0,0,1.2596
1,0,0,1,0,0,1,1,0,1,0,0,0,1,0,1,0,0,6.5264
0,0,1,1,1,0,0,1,0,0,1,0,0,1,0,0,0,1,0.4972
1,0,1,1,1,0,1,1,0,0,1,0,0,1,0,1,0,0,10.7386
0,0,1,0,0,1,0,1,0,0,0,1,0,1,0,0,0,1,0.6382
1,0,1,0,1,0,0,1,0,0,1,0,0,1,1,0,0,0,10.7301
0,0,0,1,1,0,0,1,0,0,0,0,1,1,0,1,0,0,0.9246
0,1,0,0,0,1,0,1,0,0,1,0,0,1,0,0,1,0,0.7326
0,1,0,0,1,0,0,1,1,0,0,0,0,1,0,1,0,0,0.3695
0,0,0,0,0,0,0,1,0,0,0,0,1,1,0,0,0,1,0.9098
0,1,0,1,0,1,0,1,0,1,0,0,0,1,0,0,0,1,0.5173
0,1,1,1,0,1,1,1,0,1,0,0,0,1,0,1,0,0,0.5282
0,0,0,1,0,0,0,1,0,0,0,1,0,1,0,1,0,0,0.6435
0,0,1,0,1,1,0,1,0,0,1,0,0,1,0,0,1,0,0.5008
1,1,1,1,0,1,0,1,0,1,0,0,0,1,0,0,1,0,5.8318
1,0,1,0,0,1,1,1,0,0,1,0,0,1,0,0,0,1,10.7100
0,1,1,0,0,1,1,1,0,0,0,0,1,1,0,1,0,0,2.1655
0,1,0,0,0,0,0,1,0,0,1,0,0,1,0,0,1,0,0.7509
0,0,0,0,1,0,1,1,1,0,0,0,0,1,0,0,0,1,0.5681
1,1,0,1,0,0,1,1,0,1,0,0,0,1,1,0,0,0,5.8659
1,0,1,1,0,0,1,1,0,0,0,0,1,1,0,1,0,0,37.6059
1,1,0,0,0,1,0,1,0,1,0,0,0,1,0,1,0,0,5.8309
1,1,1,0,1,0,0,1,0,0,0,0,1,1,0,0,1,0,38.9998
1,1,0,1,1,1,0,1,0,0,0,0,1,1,0,1,0,0,38.9730
1,0,0,1,0,0,1,1,0,0,1,0,0,1,1,0,0,0,10.7237
1,1,1,1,1,0,0,1,0,0,1,0,0,1,1,0,0,0,10.9183
0,1,0,0,1,0,1,1,0,1,0,0,0,1,0,0,0,1,0.5379
0,1,1,1,0,0,1,1,0,0,0,1,0,1,0,1,0,0,1.3083
1,1,1,1,0,1,1,1,0,0,0,0,1,1,0,0,0,1,38.8176
1,1,0,0,1,0,0,1,0,0,0,0,1,1,1,0,0,0,39.0699
1,1,0,1,0,0,0,1,1,0,0,0,0,1,0,0,0,1,2.0244
1,0,0,1,1,1,0,1,0,0,1,0,0,1,0,1,0,0,10.7555
1,1,0,0,0,1,1,1,0,1,0,0,0,1,1,0,0,0,5.8407
0,1,0,1,1,0,0,1,0,0,1,0,0,1,0,0,1,0,0.7619
0,0,1,1,1,1,0,1,0,0,1,0,0,1,0,0,0,1,0.4934
0,1,1,1,0,0,0,1,0,0,0,1,0,1,0,0,1,0,1.2439
1,1,0,1,0,0,0,1,1,0,0,0,0,1,1,0,0,0,2.0236
1,0,1,1,0,1,1,1,1,0,0,0,0,1,0,1,0,0,3.3135
1,1,1,0,1,0,0,1,0,0,0,1,0,1,0,0,0,1,21.2535
0,0,1,0,0,1,0,1,1,0,0,0,0,1,1,0,0,0,0.5291
1,0,1,0,1,0,1,1,1,0,0,0,0,1,0,0,1,0,3.2814
0,0,0,1,0,0,1,1,0,0,1,0,0,1,0,0,0,1,0.5203
0,0,1,0,0,1,0,1,0,0,0,1,0,1,0,0,1,0,0.6378
0,1,1,0,1,0,0,1,0,0,1,0,0,1,0,0,1,0,0.7494
0,1,0,0,1,1,1,1,0,0,1,0,0,1,0,1,0,0,0.7550
1,1,1,0,1,1,1,1,0,0,0,1,0,1,0,0,1,0,21.2509
0,0,1,1,0,0,1,1,1,0,0,0,0,1,0,0,0,1,0.5759
1,1,0,1,0,1,0,1,0,1,0,0,0,1,0,0,0,1,5.8256
1,0,0,0,1,1,0,1,0,1,0,0,0,1,0,0,1,0,6.5278
1,0,1,1,0,1,1,1,0,0,1,0,0,1,0,0,0,1,10.7517
1,0,1,0,0,0,0,1,0,1,0,0,0,1,0,1,0,0,6.5306
0,1,1,1,1,1,0,1,0,0,0,0,1,1,0,1,0,0,2.0975
0,1,0,0,1,0,0,1,0,0,0,0,1,1,0,1,0,0,2.3807
1,1,1,0,1,0,0,1,0,0,1,0,0,1,0,1,0,0,10.9251
1,1,0,1,1,0,1,1,0,0,0,1,0,1,0,1,0,0,21.2985
0,1,0,0,1,0,0,1,0,1,0,0,0,1,0,0,1,0,0.5166
1,0,0,1,0,0,1,1,0,0,0,1,0,1,0,1,0,0,19.9973
1,1,0,1,0,0,1,1,0,1,0,0,0,1,0,0,0,1,5.8713
0,0,0,0,0,1,0,1,0,0,1,0,0,1,0,0,1,0,0.5007
0,1,1,1,0,1,0,1,0,0,1,0,0,1,0,0,1,0,0.7470
1,0,1,0,1,1,0,1,0,0,0,0,1,1,0,0,0,1,37.8248
0,1,1,0,0,0,0,1,0,0,0,0,1,1,1,0,0,0,2.3933
0,1,1,1,1,0,1,1,0,0,1,0,0,1,0,0,1,0,0.7753
0,0,1,0,0,0,1,1,0,0,0,0,1,1,0,1,0,0,0.9428
0,1,0,0,0,0,1,1,0,0,0,1,0,1,1,0,0,0,1.3066
1,1,0,0,1,0,1,1,0,0,0,1,0,1,0,0,0,1,21.2791
1,1,0,0,0,1,1,1,1,0,0,0,0,1,1,0,0,0,2.0613
0,1,0,1,0,0,1,1,0,0,0,1,0,1,0,0,1,0,1.3134
1,0,1,1,1,1,1,1,0,0,0,1,0,1,0,0,1,0,19.9643
0,0,0,1,1,1,0,1,0,1,0,0,0,1,1,0,0,0,0.4481
1,0,1,1,0,1,0,1,0,0,0,0,1,1,0,0,1,0,37.8368
1,1,0,1,1,1,1,1,0,0,0,1,0,1,0,1,0,0,21.2674
1,0,1,1,0,0,0,1,0,0,1,0,0,1,0,0,1,0,10.7564
1,1,1,1,0,0,1,1,0,1,0,0,0,1,0,1,0,0,5.8719
1,1,0,0,1,1,1,1,0,0,1,0,0,1,0,0,0,1,10.9177
0,0,1,0,0,0,1,1,0,0,1,0,0,1,0,0,1,0,0.5103
1,1,1,0,1,0,0,1,1,0,0,0,0,1,0,1,0,0,2.0415
1,1,0,0,1,0,0,1,0,0,0,0,1,1,0,0,0,1,39.0678
0,1,0,0,0,0,0,1,0,0,1,0,0,1,1,0,0,0,0.7495
1,1,0,0,1,1,1,1,0,1,0,0,0,1,0,0,1,0,5.8521
1,1,1,1,1,1,0,1,0,0,0,1,0,1,0,1,0,0,21.2932
0,1,0,1,0,0,1,1,1,0,0,0,0,1,0,1,0,0,0.3844
1,1,1,1,1,1,0,1,0,0,0,0,1,1,1,0,0,0,39.0424
0,0,0,0,1,0,0,1,1,0,0,0,0,1,0,1,0,0,0.5044
1,1,1,1,0,1,1,1,0,0,0,1,0,1,0,0,1,0,21.1748
1,1,0,1,1,0,0,1,0,0,0,1,0,1,0,1,0,0,21.2395
0,0,0,1,1,1,0,1,0,0,0,0,1,1,0,0,0,1,0.9129
1,1,1,0,1,1,1,1,0,0,0,1,0,1,1,0,0,0,21.2409
1,1,0,0,0,0,1,1,0,0,0,0,1,1,0,0,1,0,38.9232
0,0,0,0,0,1,1,1,0,0,0,0,1,1,0,0,1,0,0.9178
1,0,0,1,1,1,0,1,0,1,0,0,0,1,0,1,0,0,6.5204
0,0,1,0,1,1,0,1,0,0,0,0,1,1,0,1,0,0,0.9298
1,1,1,1,0,1,0,1,1,0,0,0,0,1,1,0,0,0,2.0378
0,1,1,0,1,0,0,1,1,0,0,0,0,1,0,0,1,0,0.3635
1,0,1,0,0,0,1,1,1,0,0,0,0,1,1,0,0,0,3.2865
0,1,0,1,1,1,0,1,0,0,0,0,1,1,0,0,1,0,2.1022
1,1,1,1,1,1,1,1,1,0,0,0,0,1,0,1,0,0,2.0720
0,1,1,1,0,0,0,1,1,0,0,0,0,1,0,0,0,1,0.3589
1,1,1,1,1,0,0,1,0,0,0,1,0,1,0,1,0,0,21.2629
1,1,0,1,1,1,0,1,0,0,0,1,0,1,0,0,1,0,21.2757
1,0,0,0,0,0,1,1,0,0,1,0,0,1,0,0,0,1,10.7475
1,1,1,1,0,0,0,1,0,0,1,0,0,1,0,0,0,1,10.9054
0,1,0,0,0,1,1,1,0,0,1,0,0,1,0,0,1,0,0.7528
1,1,0,0,1,1,0,1,0,0,0,0,1,1,0,1,0,0,38.9276
0,0,0,0,0,1,0,1,0,0,0,1,0,1,0,1,0,0,0.6337
1,1,1,1,0,0,0,1,0,1,0,0,0,1,0,0,0,1,5.8502
0,1,1,1,1,1,1,1,0,0,0,0,1,1,0,0,0,1,2.1563
0,0,0,0,1,1,1,1,0,0,0,0,1,1,0,1,0,0,0.9170
1,0,1,0,1,0,1,1,0,0,0,1,0,1,1,0,0,0,19.9508
1,0,1,0,0,0,0,1,0,0,1,0,0,1,1,0,0,0,10.7496
1,0,1,0,1,0,0,1,0,0,0,1,0,1,1,0,0,0,20.0103
0,1,1,1,0,1,1,1,0,0,0,1,0,1,0,1,0,0,1.2554
1,0,0,0,0,0,0,1,0,0,0,1,0,1,0,0,1,0,20.0178
1,0,1,0,0,1,0,1,0,1,0,0,0,1,0,0,0,1,6.5290
1,1,1,0,0,0,1,1,1,0,0,0,0,1,0,0,0,1,2.0634
0,1,1,0,0,1,0,1,0,0,0,1,0,1,0,0,1,0,1.2534
0,1,1,0,0,1,1,1,0,0,0,1,0,1,0,1,0,0,1.2733
0,1,0,1,1,1,0,1,1,0,0,0,0,1,0,0,0,1,0.3728
1,1,1,1,1,1,0,1,0,0,1,0,0,1,0,0,0,1,10.9114
1,0,0,0,0,1,0,1,0,1,0,0,0,1,0,1,0,0,6.5272
1,1,1,1,0,0,0,1,0,0,1,0,0,1,1,0,0,0,10.9026
1,1,0,0,0,1,1,1,0,0,1,0,0,1,1,0,0,0,10.8962
1,0,1,0,0,1,1,1,0,0,0,0,1,1,0,0,1,0,37.6610
1,1,0,1,1,1,0,1,1,0,0,0,0,1,0,0,0,1,2.0223
0,1,1,0,1,0,0,1,0,1,0,0,0,1,0,0,0,1,0.5128
0,0,1,1,1,1,0,1,0,0,0,1,0,1,1,0,0,0,0.6255
0,1,1,1,1,1,0,1,1,0,0,0,0,1,0,1,0,0,0.3677
1,1,1,1,1,1,0,1,0,1,0,0,0,1,0,1,0,0,5.8453
0,1,0,1,1,0,0,1,0,1,0,0,0,1,0,0,1,0,0.5231
1,0,0,0,1,0,0,1,1,0,0,0,0,1,1,0,0,0,3.2294
1,0,0,1,0,1,1,1,0,0,0,1,0,1,0,1,0,0,19.9286
0,0,1,0,1,0,1,1,0,1,0,0,0,1,0,1,0,0,0.4663
1,1,0,0,1,0,0,1,1,0,0,0,0,1,0,0,0,1,2.0293
0,0,1,1,1,1,0,1,0,0,0,0,1,1,0,0,1,0,0.9181
0,0,1,0,0,1,0,1,0,1,0,0,0,1,0,0,0,1,0.4581
1,1,1,1,1,0,1,1,0,1,0,0,0,1,0,0,1,0,5.8378
0,1,1,1,1,0,0,1,0,1,0,0,0,1,0,0,0,1,0.5127
0,0,1,0,0,0,1,1,1,0,0,0,0,1,0,1,0,0,0.5701
0,1,1,1,1,1,1,1,0,0,1,0,0,1,0,1,0,0,0.7576
0,0,0,0,1,1,0,1,0,0,0,0,1,1,1,0,0,0,0.9184
0,1,0,1,0,1,0,1,0,0,0,0,1,1,1,0,0,0,2.1259
0,1,0,1,0,0,1,1,0,0,0,0,1,1,0,0,1,0,2.1506
0,1,0,0,0,0,0,1,1,0,0,0,0,1,0,0,1,0,0.3621
0,1,1,1,1,0,1,1,0,1,0,0,0,1,0,0,0,1,0.5363
0,1,1,0,1,1,0,1,0,0,1,0,0,1,0,1,0,0,0.7525
1,0,0,1,1,1,1,1,0,0,0,0,1,1,0,1,0,0,37.6443
0,0,1,0,0,0,0,1,0,0,0,1,0,1,1,0,0,0,0.6317
1,0,0,0,0,0,1,1,0,0,0,0,1,1,0,1,0,0,37.6364
0,1,1,1,1,1,0,1,0,0,1,0,0,1,0,0,0,1,0.7496
0,0,0,1,0,1,0,1,0,1,0,0,0,1,0,0,1,0,0.4477
1,1,0,0,1,1,0,1,0,0,0,0,1,1,0,0,0,1,39.0170
1,0,0,0,0,1,1,1,0,0,1,0,0,1,0,0,1,0,10.7016
0,0,1,1,1,0,0,1,0,0,0,0,1,1,1,0,0,0,0.9249
0,1,1,1,1,1,1,1,0,1,0,0,0,1,0,0,1,0,0.5303
0,1,0,1,1,1,1,1,0,1,0,0,0,1,0,0,0,1,0.5263
0,1,1,0,1,1,0,1,0,0,1,0,0,1,0,0,1,0,0.7514
0,1,1,0,0,0,1,1,0,1,0,0,0,1,0,1,0,0,0.5434
0,0,1,0,0,0,0,1,0,0,1,0,0,1,0,0,0,1,0.5015
1,1,0,1,0,1,0,1,1,0,0,0,0,1,1,0,0,0,2.0158
1,0,1,0,0,0,1,1,0,0,0,1,0,1,1,0,0,0,19.9822
0,1,0,1,1,0,0,1,0,0,0,0,1,1,0,0,0,1,2.4085
0,1,0,0,0,1,1,1,0,0,0,1,0,1,0,0,0,1,1.2729
1,1,0,1,1,0,1,1,0,1,0,0,0,1,1,0,0,0,5.8708
0,0,1,0,0,1,1,1,0,0,1,0,0,1,0,1,0,0,0.5202
1,1,0,1,0,1,1,1,0,0,0,0,1,1,0,1,0,0,38.9308
1,0,0,1,0,1,0,1,1,0,0,0,0,1,0,0,0,1,3.2349
0,0,0,1,1,1,1,1,0,0,0,1,0,1,0,0,1,0,0.6454
0,0,0,0,0,1,1,1,0,0,0,1,0,1,0,0,0,1,0.6370
1,1,1,0,0,0,1,1,0,0,1,0,0,1,1,0,0,0,10.9108
1,0,0,1,0,0,1,1,0,0,0,0,1,1,0,0,0,1,37.6974
0,1,0,1,1,0,1,1,0,0,1,0,0,1,1,0,0,0,0.7740
1,0,1,0,0,1,1,1,0,1,0,0,0,1,0,0,0,1,6.5299
1,1,1,1,0,1,0,1,0,0,0,0,1,1,0,0,0,1,39.0079
0,0,1,1,0,1,0,1,0,1,0,0,0,1,0,0,1,0,0.4443
0,1,1,1,0,0,0,1,0,1,0,0,0,1,0,0,1,0,0.5136
0,1,1,0,0,0,0,1,0,1,0,0,0,1,0,1,0,0,0.5081
1,1,1,0,1,1,0,1,0,0,0,0,1,1,0,1,0,0,39.0524
0,1,1,1,1,1,0,1,0,0,0,0,1,1,0,0,0,1,2.0878
1,0,0,0,1,1,0,1,0,1,0,0,0,1,0,0,0,1,6.5221
0,1,1,0,0,1,0,1,0,0,0,0,1,1,1,0,0,0,2.1103
0,1,1,0,1,1,0,1,1,0,0,0,0,1,1,0,0,0,0.3676
0,0,0,0,0,1,1,1,0,1,0,0,0,1,0,0,0,1,0.4634
0,1,1,1,0,1,1,1,0,1,0,0,0,1,0,0,1,0,0.5260
1,1,0,0,0,1,0,1,0,0,1,0,0,1,0,1,0,0,10.8925
1,1,0,0,1,1,0,1,0,1,0,0,0,1,1,0,0,0,5.8314
0,1,0,0,0,0,1,1,0,0,1,0,0,1,0,1,0,0,0.7764
0,1,0,1,0,0,0,1,0,1,0,0,0,1,0,1,0,0,0.5204
0,0,0,1,1,0,0,1,0,1,0,0,0,1,0,0,0,1,0.4546
1,1,0,1,1,0,1,1,0,1,0,0,0,1,0,1,0,0,5.8673
0,0,0,0,1,0,0,1,0,0,1,0,0,1,1,0,0,0,0.4851
1,1,0,0,1,1,1,1,1,0,0,0,0,1,0,0,0,1,2.0846
1,1,1,1,0,0,0,1,0,0,0,0,1,1,1,0,0,0,39.0060
0,0,1,1,1,1,0,1,0,1,0,0,0,1,0,0,1,0,0.4429
0,1,1,0,1,0,1,1,0,0,0,1,0,1,0,0,1,0,1.3058
0,0,1,1,0,1,1,1,0,0,1,0,0,1,0,1,0,0,0.5260
0,0,1,1,1,1,1,1,0,0,1,0,0,1,0,0,1,0,0.5204
1,0,0,1,0,1,0,1,1,0,0,0,0,1,0,0,1,0,3.2324
1,0,1,1,1,0,1,1,1,0,0,0,0,1,0,1,0,0,3.2688
0,1,1,1,1,0,1,1,0,0,0,0,1,1,0,0,1,0,2.1564
0,1,0,1,0,1,1,1,1,0,0,0,0,1,0,0,1,0,0.3919
0,0,1,0,1,0,0,1,0,0,0,0,1,1,1,0,0,0,0.9266
0,0,0,0,0,0,1,1,0,0,0,0,1,1,0,1,0,0,0.9473
1,1,0,0,1,1,0,1,0,0,0,0,1,1,0,0,1,0,39.0084
1,0,0,1,1,0,1,1,0,0,0,1,0,1,1,0,0,0,19.9631
0,1,1,0,1,0,1,1,0,0,0,1,0,1,0,0,0,1,1.3158
0,0,0,0,1,1,1,1,0,0,1,0,0,1,0,1,0,0,0.5172
0,0,1,1,1,0,0,1,0,0,1,0,0,1,0,1,0,0,0.4982
1,0,0,1,0,1,0,1,0,0,0,1,0,1,0,1,0,0,20.0124
1,1,0,1,1,0,0,1,0,0,0,1,0,1,0,0,1,0,21.2317
1,1,0,0,1,1,0,1,0,0,1,0,0,1,0,1,0,0,10.8905
0,0,0,1,1,0,1,1,0,1,0,0,0,1,0,0,1,0,0.4714
1,0,1,0,1,0,1,1,0,0,0,1,0,1,0,0,1,0,19.9344
1,1,1,0,0,1,1,1,0,0,1,0,0,1,1,0,0,0,10.9115
1,1,1,1,1,1,0,1,1,0,0,0,0,1,0,0,0,1,2.0455
0,1,0,0,1,1,0,1,0,0,1,0,0,1,0,1,0,0,0.7471
1,1,1,0,1,1,0,1,1,0,0,0,0,1,0,0,1,0,2.0393
0,1,1,0,1,1,0,1,0,0,1,0,0,1,1,0,0,0,0.7490
0,0,0,1,1,1,0,1,0,0,0,1,0,1,0,0,1,0,0.6326
0,1,0,0,0,1,1,1,0,1,0,0,0,1,0,0,0,1,0.5275
1,0,0,0,0,1,0,1,0,0,0,0,1,1,1,0,0,0,37.8018
1,1,0,0,1,0,1,1,1,0,0,0,0,1,0,1,0,0,2.0686
0,0,0,0,0,0,1,1,0,1,0,0,0,1,0,0,1,0,0.4638
1,0,1,1,0,1,1,1,0,1,0,0,0,1,0,0,0,1,6.5552
1,0,1,0,1,1,0,1,0,0,0,0,1,1,0,0,1,0,37.7877
1,1,0,1,1,1,0,1,1,0,0,0,0,1,1,0,0,0,2.0237
0,0,0,1,0,1,0,1,0,0,0,0,1,1,0,0,1,0,0.9189
0,0,0,0,0,1,0,1,0,0,0,0,1,1,0,1,0,0,0.9146
1,0,1,0,1,1,1,1,0,0,0,0,1,1,0,0,1,0,37.6320
1,0,0,0,1,0,0,1,0,1,0,0,0,1,0,0,1,0,6.5283
1,0,0,1,0,1,0,1,0,0,1,0,0,1,0,1,0,0,10.7591
1,1,0,1,0,0,0,1,1,0,0,0,0,1,0,1,0,0,2.0342
1,1,1,0,1,0,0,1,1,0,0,0,0,1,1,0,0,0,2.0364
0,0,0,0,0,1,0,1,0,0,0,0,1,1,0,0,0,1,0.9167
0,0,0,0,1,0,0,1,0,1,0,0,0,1,1,0,0,0,0.4352
0,0,0,0,0,1,1,1,0,0,0,0,1,1,1,0,0,0,0.9225
0,1,1,1,0,1,0,1,0,0,0,0,1,1,0,0,0,1,2.1175
0,0,1,0,0,1,0,1,0,1,0,0,0,1,1,0,0,0,0.4570
1,0,1,0,0,1,1,1,1,0,0,0,0,1,0,0,1,0,3.2754
0,1,0,1,0,1,1,1,1,0,0,0,0,1,0,1,0,0,0.3875
1,1,0,1,0,0,0,1,0,0,1,0,0,1,0,1,0,0,10.9157
0,1,0,0,1,1,0,1,0,0,1,0,0,1,0,0,0,1,0.7417
1,0,0,1,0,1,1,1,1,0,0,0,0,1,0,1,0,0,3.2631
1,1,0,1,0,0,0,1,0,0,0,0,1,1,0,0,1,0,39.0286
1,1,0,0,1,0,1,1,0,0,0,1,0,1,1,0,0,0,21.2663
0,1,0,1,1,1,1,1,0,1,0,0,0,1,0,0,1,0,0.5263
0,0,0,0,0,1,0,1,0,1,0,0,0,1,0,1,0,0,0.4483
0,1,1,1,1,1,0,1,0,0,1,0,0,1,0,0,1,0,0.7546
1,1,1,1,1,1,0,1,1,0,0,0,0,1,0,1,0,0,2.0407
0,0,0,1,1,1,1,1,0,1,0,0,0,1,0,0,1,0,0.4754
0,1,0,0,1,1,0,1,0,1,0,0,0,1,0,0,1,0,0.5132
0,0,0,1,0,1,1,1,0,0,1,0,0,1,0,0,0,1,0.5202
0,0,1,0,0,0,0,1,0,0,1,0,0,1,0,1,0,0,0.5003
1,0,0,0,1,0,1,1,1,0,0,0,0,1,0,0,1,0,3.2654
1,1,0,1,1,0,0,1,1,0,0,0,0,1,0,0,0,1,2.0266
0,1,0,1,0,0,0,1,0,0,0,1,0,1,0,0,1,0,1.2580
0,0,0,1,1,1,0,1,0,0,0,0,1,1,0,1,0,0,0.9129
0,0,0,1,1,1,1,1,0,0,1,0,0,1,0,0,1,0,0.5227
1,1,1,0,0,1,0,1,0,0,0,1,0,1,0,0,1,0,21.3124
1,0,0,1,0,1,1,1,0,0,0,0,1,1,0,0,0,1,37.6825
0,1,1,1,0,1,0,1,0,0,1,0,0,1,0,0,0,1,0.7474
0,0,0,0,1,1,1,1,0,0,0,0,1,1,0,0,0,1,0.9221
0,0,0,1,1,0,0,1,0,0,0,1,0,1,1,0,0,0,0.6371
0,1,1,0,1,1,1,1,0,1,0,0,0,1,0,1,0,0,0.5313
0,0,1,0,0,0,0,1,0,0,0,0,1,1,0,1,0,0,0.9213
1,0,0,0,0,0,0,1,1,0,0,0,0,1,0,0,1,0,3.2390
0,1,0,1,0,0,1,1,0,0,1,0,0,1,0,0,1,0,0.7732
0,1,1,1,0,1,1,1,0,0,0,1,0,1,1,0,0,0,1.2566
0,1,0,0,1,0,1,1,0,1,0,0,0,1,0,1,0,0,0.5408
1,1,1,0,0,1,0,1,0,0,0,1,0,1,0,1,0,0,21.2706
1,0,0,0,0,1,1,1,0,1,0,0,0,1,1,0,0,0,6.5140
1,0,1,0,1,1,1,1,1,0,0,0,0,1,0,0,1,0,3.2875
0,0,1,1,1,0,1,1,0,1,0,0,0,1,0,1,0,0,0.4732
0,0,1,0,1,0,0,1,1,0,0,0,0,1,0,0,1,0,0.5148
0,1,1,0,0,1,0,1,0,0,0,0,1,1,0,0,0,1,2.1022
0,0,0,1,1,0,0,1,0,0,1,0,0,1,1,0,0,0,0.5059
1,1,0,0,1,0,1,1,1,0,0,0,0,1,0,0,1,0,2.0700
0,1,0,0,1,0,0,1,1,0,0,0,0,1,0,0,0,1,0.3664
1,0,1,1,1,0,0,1,0,0,0,1,0,1,0,1,0,0,20.0207
1,0,0,1,0,0,1,1,0,0,1,0,0,1,0,1,0,0,10.7454
1,1,1,0,0,0,1,1,0,0,0,1,0,1,1,0,0,0,21.2736
0,0,0,1,0,1,0,1,0,1,0,0,0,1,1,0,0,0,0.4513
1,1,0,0,0,1,1,1,0,0,0,1,0,1,0,0,0,1,21.1878
1,1,1,1,1,1,1,1,1,0,0,0,0,1,0,0,0,1,2.0746
1,0,0,0,1,1,0,1,0,0,0,1,0,1,0,1,0,0,19.9844
0,0,1,1,0,1,1,1,0,0,0,1,0,1,0,0,1,0,0.6538
0,1,0,1,1,1,1,1,0,0,1,0,0,1,1,0,0,0,0.7566
0,1,1,1,0,1,0,1,0,0,0,0,1,1,1,0,0,0,2.1050
0,0,1,1,0,1,1,1,0,1,0,0,0,1,0,1,0,0,0.4787
0,1,0,0,1,1,1,1,0,0,1,0,0,1,0,0,0,1,0.7537
0,1,1,1,0,0,0,1,0,0,0,0,1,1,0,0,1,0,2.3977
1,1,1,0,1,0,1,1,0,1,0,0,0,1,0,0,0,1,5.8467
1,1,1,0,0,1,0,1,0,0,0,0,1,1,1,0,0,0,39.0525
0,1,0,1,0,1,1,1,0,0,0,0,1,1,0,0,1,0,2.1593
0,0,1,0,1,1,1,1,0,1,0,0,0,1,0,0,1,0,0.4664
0,0,0,0,0,0,1,1,0,0,0,1,0,1,1,0,0,0,0.6400
0,0,1,1,0,1,0,1,0,1,0,0,0,1,0,1,0,0,0.4480
0,0,1,0,0,0,1,1,0,0,0,1,0,1,0,0,1,0,0.6412
1,0,1,0,1,1,1,1,0,0,0,1,0,1,0,0,1,0,19.9225
0,0,0,0,1,1,1,1,1,0,0,0,0,1,0,0,1,0,0.5691
0,1,1,0,1,0,1,1,0,0,0,0,1,1,0,0,0,1,2.1371
1,0,1,1,0,0,0,1,0,0,0,0,1,1,0,1,0,0,37.8427
0,1,0,0,1,0,1,1,1,0,0,0,0,1,0,1,0,0,0.3889
0,0,1,1,0,0,1,1,0,0,0,1,0,1,0,0,1,0,0.6504
0,1,0,0,1,0,0,1,1,0,0,0,0,1,1,0,0,0,0.3634
0,0,1,0,0,0,1,1,1,0,0,0,0,1,1,0,0,0,0.5682
1,0,0,1,1,0,1,1,0,0,0,0,1,1,0,0,0,1,37.6527
0,1,1,0,1,1,0,1,0,1,0,0,0,1,1,0,0,0,0.5198
0,0,1,1,0,1,1,1,0,0,0,1,0,1,0,0,0,1,0.6533
1,1,0,0,0,1,0,1,0,0,0,0,1,1,1,0,0,0,38.9536
1,1,0,0,1,0,0,1,0,0,0,1,0,1,0,0,1,0,21.3040
1,1,0,0,1,1,1,1,0,1,0,0,0,1,0,1,0,0,5.8671
0,0,1,0,0,0,0,1,0,0,0,0,1,1,0,0,0,1,0.9215
0,1,0,1,0,0,0,1,0,1,0,0,0,1,0,0,0,1,0.5189
1,0,1,0,0,1,0,1,0,0,0,0,1,1,1,0,0,0,37.7630
0,1,0,1,1,1,0,1,1,0,0,0,0,1,0,1,0,0,0.3705
1,0,0,0,0,0,1,1,0,0,0,1,0,1,0,0,0,1,19.9587
1,1,0,0,0,1,1,1,0,0,1,0,0,1,0,1,0,0,10.9197
0,1,1,1,1,1,0,1,0,1,0,0,0,1,0,1,0,0,0.5229
1,1,0,0,0,0,0,1,0,1,0,0,0,1,1,0,0,0,5.8237
1,0,0,1,1,1,0,1,0,0,0,1,0,1,1,0,0,0,19.9736
0,1,1,1,1,1,0,1,0,0,0,1,0,1,0,1,0,0,1.2686
1,0,1,1,0,1,1,1,0,0,0,0,1,1,0,1,0,0,37.6677
0,0,0,0,1,0,1,1,0,0,1,0,0,1,1,0,0,0,0.5065
1,1,1,1,0,0,1,1,0,0,0,1,0,1,0,1,0,0,21.2458
0,1,0,1,0,0,0,1,0,0,0,0,1,1,1,0,0,0,2.3908
1,0,1,0,1,1,0,1,0,0,1,0,0,1,0,0,0,1,10.7378
1,1,1,0,1,0,0,1,0,1,0,0,0,1,1,0,0,0,5.8353
0,1,0,1,1,1,0,1,0,0,0,0,1,1,1,0,0,0,2.0988
1,0,1,0,0,1,0,1,0,0,0,0,1,1,0,0,0,1,37.8252
1,0,1,0,0,0,1,1,0,0,1,0,0,1,0,1,0,0,10.7475
0,0,1,0,1,0,1,1,0,0,1,0,0,1,1,0,0,0,0.5123
1,0,1,1,0,0,1,1,0,0,1,0,0,1,0,0,0,1,10.7362
0,1,0,1,1,1,0,1,0,0,1,0,0,1,0,0,0,1,0.7465
1,0,1,1,1,0,1,1,0,1,0,0,0,1,0,0,1,0,6.5083
1,0,0,1,1,1,1,1,0,0,0,1,0,1,0,1,0,0,19.9232
0,0,1,0,0,1,0,1,0,0,1,0,0,1,1,0,0,0,0.5068
0,1,0,1,1,1,0,1,1,0,0,0,0,1,1,0,0,0,0.3763
0,0,1,0,0,1,1,1,1,0,0,0,0,1,0,0,1,0,0.5738
1,1,1,1,1,0,1,1,0,0,0,0,1,1,0,1,0,0,38.8631
1,1,0,1,0,0,0,1,0,1,0,0,0,1,0,0,0,1,5.8267
1,1,0,1,0,1,0,1,1,0,0,0,0,1,0,0,0,1,2.0157
0,0,1,0,1,0,1,1,0,1,0,0,0,1,0,0,0,1,0.4638
1,1,0,1,1,0,1,1,0,0,0,0,1,1,1,0,0,0,38.8822
1,1,0,1,1,0,0,1,0,0,0,1,0,1,1,0,0,0,21.2859
0,0,1,1,0,1,0,1,1,0,0,0,0,1,0,0,0,1,0.5128
1,0,1,0,1,1,1,1,0,0,0,1,0,1,1,0,0,0,19.9270
