$Base,$Persistence,$IO,$OldIO,$NewIO,$NIOBase,$NIOType,$ChunkedNIO,$SingleWriteNIO,$DirectNIO,$LogSize,$S100MiB,$S1MiB,$Checksum,$BTreeFeatures,$INCompressor,$IEvictor,$Evictor,$Critical_Eviction,$Verifier,$ITracing,$Tracing,$TracingLevel,$Severe,$Finest,$Statistics,$<Performance
1,1,1,1,0,0,0,0,0,0,1,1,0,1,1,1,1,1,1,1,1,1,1,0,1,0,4787
1,1,1,0,1,1,1,0,1,1,1,0,1,1,1,1,1,1,1,0,0,0,0,0,0,0,5449
1,1,1,0,1,1,1,1,0,0,1,0,1,1,1,0,1,1,1,0,1,1,1,1,0,1,5356
1,1,1,0,1,1,1,1,0,0,1,0,1,1,1,1,1,1,1,1,1,1,1,0,1,0,14785
1,1,1,0,1,1,1,1,0,0,1,1,0,1,1,0,1,1,1,0,1,1,1,0,1,0,4669
1,1,1,0,1,1,1,0,1,0,1,0,1,1,1,1,1,1,1,1,1,1,1,0,1,0,14667
1,1,1,0,1,1,1,0,1,0,1,0,1,1,1,1,1,1,1,1,1,1,1,1,0,0,5241
1,1,1,0,1,1,1,1,0,1,1,0,1,1,1,0,1,1,1,0,1,1,1,0,1,1,16479
1,1,1,1,0,0,0,0,0,0,1,0,1,1,1,1,1,1,1,1,1,1,1,1,0,0,5309
1,1,1,0,1,1,1,1,0,0,1,1,0,1,1,1,1,1,1,0,1,1,1,1,0,0,3157
1,1,1,0,1,1,1,1,0,0,1,0,1,1,1,1,1,1,1,0,0,0,0,0,0,1,5308
1,1,1,0,1,1,1,1,0,1,1,0,1,1,1,1,1,1,1,0,1,1,1,1,0,0,5390
1,1,1,0,1,1,1,0,1,0,1,0,1,1,1,1,1,1,1,0,1,1,1,1,0,1,5314
1,1,1,0,1,1,1,0,1,1,1,1,0,1,1,1,1,1,1,0,1,1,1,0,1,0,4920
1,1,1,0,1,1,1,0,1,0,1,1,0,1,1,1,1,1,1,0,0,0,0,0,0,1,3143
1,1,1,1,0,0,0,0,0,0,1,1,0,1,1,1,1,1,1,0,0,0,0,0,0,1,3398
1,1,1,0,1,1,1,1,0,1,1,0,1,1,1,1,1,1,1,1,1,1,1,0,1,1,16448
1,1,1,0,1,1,1,0,1,0,1,0,1,1,1,0,1,1,1,0,0,0,0,0,0,1,5295
1,1,1,0,1,1,1,1,0,0,1,0,1,1,1,1,1,1,1,1,1,1,1,1,0,1,5314
1,1,1,0,1,1,1,0,1,0,1,0,1,1,1,1,1,1,1,0,0,0,0,0,0,1,5328
1,1,1,0,1,1,1,0,1,1,1,1,0,1,1,0,1,1,1,0,0,0,0,0,0,0,3065
1,1,1,0,1,1,1,1,0,1,1,0,1,1,1,1,1,1,1,1,0,0,0,0,0,0,5435
1,1,1,0,1,1,1,0,1,1,1,1,0,1,1,1,1,1,1,0,1,1,1,1,0,0,3127
1,1,1,0,1,1,1,0,1,1,1,0,1,1,1,1,1,1,1,1,0,0,0,0,0,0,5421
1,1,1,0,1,1,1,1,0,1,1,1,0,1,1,1,1,1,1,1,1,1,1,0,1,0,4953
1,1,1,0,1,1,1,1,0,1,1,1,0,1,1,0,1,1,1,0,1,1,1,0,1,0,4898
1,1,1,0,1,1,1,0,1,0,1,1,0,1,1,0,1,1,1,0,1,1,1,1,0,0,3165
1,1,1,1,0,0,0,0,0,0,1,0,1,1,1,0,1,1,1,0,0,0,0,0,0,0,5231
1,1,1,0,1,1,1,1,0,0,1,1,0,1,1,1,1,1,1,1,0,0,0,0,0,1,3053
1,1,1,0,1,1,1,0,1,0,1,1,0,1,1,1,1,1,1,1,1,1,1,0,1,1,4897
1,1,1,0,1,1,1,0,1,0,1,0,1,1,1,0,1,1,1,0,0,0,0,0,0,0,5207
1,1,1,0,1,1,1,0,1,1,1,1,0,1,1,1,1,1,1,1,0,0,0,0,0,1,3517
1,1,1,0,1,1,1,0,1,0,1,0,1,1,1,1,1,1,1,0,1,1,1,1,0,0,5230
1,1,1,0,1,1,1,0,1,0,1,1,0,1,1,1,1,1,1,0,0,0,0,0,0,0,3263
1,1,1,0,1,1,1,1,0,0,1,0,1,1,1,0,1,1,1,0,1,1,1,1,0,0,5216
1,1,1,0,1,1,1,1,0,0,1,1,0,1,1,0,1,1,1,0,1,1,1,1,0,0,2986
1,1,1,0,1,1,1,1,0,0,1,0,1,1,1,1,1,1,1,0,1,1,1,0,1,1,14694
1,1,1,0,1,1,1,0,1,1,1,1,0,1,1,1,1,1,1,1,1,1,1,0,1,1,5091
1,1,1,0,1,1,1,0,1,0,1,0,1,1,1,1,1,1,1,0,0,0,0,0,0,0,5256
1,1,1,0,1,1,1,1,0,1,1,1,0,1,1,0,1,1,1,0,1,1,1,1,0,0,3171
1,1,1,0,1,1,1,0,1,0,1,0,1,1,1,1,1,1,1,1,1,1,1,1,0,1,5339
1,1,1,0,1,1,1,0,1,1,1,1,0,1,1,0,1,1,1,0,1,1,1,0,1,0,4951
1,1,1,0,1,1,1,1,0,0,1,0,1,1,1,1,1,1,1,0,1,1,1,0,1,0,14594
1,1,1,0,1,1,1,0,1,0,1,1,0,1,1,1,1,1,1,1,1,1,1,1,0,0,3532
1,1,1,0,1,1,1,0,1,0,1,1,0,1,1,1,1,1,1,0,1,1,1,0,1,0,4759
1,1,1,1,0,0,0,0,0,0,1,0,1,1,1,1,1,1,1,1,1,1,1,0,1,0,14580
1,1,1,0,1,1,1,0,1,0,1,0,1,1,1,0,1,1,1,0,1,1,1,0,1,0,14653
1,1,1,0,1,1,1,0,1,1,1,0,1,1,1,1,1,1,1,1,1,1,1,0,1,1,16442
1,1,1,0,1,1,1,1,0,1,1,0,1,1,1,1,1,1,1,0,1,1,1,1,0,1,5548
1,1,1,0,1,1,1,1,0,0,1,0,1,1,1,0,1,1,1,0,1,1,1,0,1,1,14744
1,1,1,0,1,1,1,0,1,0,1,0,1,1,1,1,1,1,1,1,0,0,0,0,0,0,5235
1,1,1,0,1,1,1,1,0,1,1,0,1,1,1,0,1,1,1,0,0,0,0,0,0,1,5468
1,1,1,1,0,0,0,0,0,0,1,0,1,1,1,0,1,1,1,0,0,0,0,0,0,1,5289
1,1,1,1,0,0,0,0,0,0,1,0,1,1,1,1,1,1,1,1,1,1,1,1,0,1,5328
1,1,1,0,1,1,1,0,1,0,1,0,1,1,1,0,1,1,1,0,1,1,1,0,1,1,14852
1,1,1,0,1,1,1,0,1,1,1,1,0,1,1,1,1,1,1,1,1,1,1,1,0,1,3230
1,1,1,0,1,1,1,1,0,1,1,0,1,1,1,1,1,1,1,0,0,0,0,0,0,0,5432
1,1,1,0,1,1,1,0,1,1,1,1,0,1,1,1,1,1,1,1,0,0,0,0,0,0,3336
1,1,1,0,1,1,1,1,0,1,1,1,0,1,1,1,1,1,1,1,0,0,0,0,0,0,3341
1,1,1,0,1,1,1,0,1,1,1,0,1,1,1,1,1,1,1,0,0,0,0,0,0,1,5510
1,1,1,0,1,1,1,1,0,1,1,0,1,1,1,0,1,1,1,0,1,1,1,1,0,1,5462
1,1,1,0,1,1,1,1,0,0,1,1,0,1,1,1,1,1,1,1,1,1,1,1,0,0,3195
1,1,1,0,1,1,1,1,0,1,1,1,0,1,1,1,1,1,1,1,1,1,1,0,1,1,5062
1,1,1,0,1,1,1,0,1,1,1,0,1,1,1,0,1,1,1,0,1,1,1,1,0,0,5354
1,1,1,0,1,1,1,1,0,1,1,0,1,1,1,1,1,1,1,1,0,0,0,0,0,1,5494
1,1,1,0,1,1,1,0,1,0,1,1,0,1,1,0,1,1,1,0,0,0,0,0,0,0,3249
1,1,1,0,1,1,1,0,1,1,1,1,0,1,1,0,1,1,1,0,1,1,1,1,0,0,3161
1,1,1,0,1,1,1,0,1,0,1,1,0,1,1,0,1,1,1,0,0,0,0,0,0,1,3177
1,1,1,0,1,1,1,1,0,0,1,1,0,1,1,0,1,1,1,0,1,1,1,1,0,1,3155
1,1,1,0,1,1,1,0,1,1,1,0,1,1,1,1,1,1,1,1,0,0,0,0,0,1,5502
1,1,1,1,0,0,0,0,0,0,1,0,1,1,1,1,1,1,1,0,1,1,1,1,0,1,5310
1,1,1,1,0,0,0,0,0,0,1,0,1,1,1,0,1,1,1,0,1,1,1,1,0,1,5328
1,1,1,0,1,1,1,0,1,1,1,0,1,1,1,0,1,1,1,0,0,0,0,0,0,1,5486
1,1,1,0,1,1,1,0,1,0,1,0,1,1,1,0,1,1,1,0,1,1,1,1,0,0,5186
1,1,1,0,1,1,1,1,0,1,1,0,1,1,1,1,1,1,1,1,1,1,1,0,1,0,16399
1,1,1,0,1,1,1,0,1,1,1,1,0,1,1,0,1,1,1,0,1,1,1,1,0,1,3303
1,1,1,0,1,1,1,0,1,0,1,1,0,1,1,1,1,1,1,1,1,1,1,0,1,0,4668
1,1,1,0,1,1,1,0,1,1,1,0,1,1,1,1,1,1,1,0,1,1,1,1,0,1,5457
1,1,1,0,1,1,1,1,0,1,1,0,1,1,1,1,1,1,1,0,0,0,0,0,0,1,5515
1,1,1,0,1,1,1,1,0,0,1,1,0,1,1,1,1,1,1,0,1,1,1,0,1,1,4913
1,1,1,0,1,1,1,1,0,0,1,0,1,1,1,1,1,1,1,0,1,1,1,1,0,0,5233
1,1,1,0,1,1,1,1,0,1,1,1,0,1,1,0,1,1,1,0,1,1,1,1,0,1,3325
1,1,1,1,0,0,0,0,0,0,1,0,1,1,1,1,1,1,1,0,0,0,0,0,0,1,5304
1,1,1,0,1,1,1,1,0,1,1,1,0,1,1,1,1,1,1,1,1,1,1,1,0,1,3457
1,1,1,0,1,1,1,0,1,1,1,1,0,1,1,1,1,1,1,0,0,0,0,0,0,0,3085
1,1,1,0,1,1,1,1,0,0,1,0,1,1,1,1,1,1,1,1,1,1,1,0,1,1,14656
1,1,1,1,0,0,0,0,0,0,1,1,0,1,1,0,1,1,1,0,0,0,0,0,0,0,3451
1,1,1,1,0,0,0,0,0,0,1,0,1,1,1,1,1,1,1,1,1,1,1,0,1,1,14905
1,1,1,1,0,0,0,0,0,0,1,1,0,1,1,0,1,1,1,0,1,1,1,1,0,1,3139
1,1,1,1,0,0,0,0,0,0,1,0,1,1,1,1,1,1,1,1,0,0,0,0,0,0,5241
